experiment_name,run_dir,episodes,total_steps,mean_episode_reward,baseline_mean_episode_reward,reward_improvement,interceptor_win_rate,baseline_interceptor_win_rate,win_rate_improvement,response_policy_accuracy,switch_count,process_pass,engineering_pass,paper_like_pass,judgement,interceptor_max_speed,intruder_max_speed,collision_radius,total_timesteps,seed
continuous_confirm_is0p03_us0p016_cr0p08_ts1500000_s42,runs/continuous_confirm_is0p03_us0p016_cr0p08_ts1500000_s42/20260513_090131,800,31249,-38.99147737300141,-108.67576642323061,69.68428905022921,0.325,0.0,0.325,0.99375980031361,,True,True,True,达到接近论文效果的候选标准，可继续做多 seed 与参数敏感性验证。,0.03,0.016,0.08,1500000,42
continuous_confirm_is0p03_us0p016_cr0p08_ts1500000_s44,runs/continuous_confirm_is0p03_us0p016_cr0p08_ts1500000_s44/20260513_090225,800,30901,-39.50421826762513,-109.12202236779572,69.61780410017059,0.3225,0.005,0.3175,0.9937542474353581,,True,True,True,达到接近论文效果的候选标准，可继续做多 seed 与参数敏感性验证。,0.03,0.016,0.08,1500000,44
continuous_sweep_is0p03_us0p016_cr0p08_ts300000_s42,runs/continuous_sweep_is0p03_us0p016_cr0p08_ts300000_s42/20260513_072728,300,12058,-42.88968330142995,-105.95892317854663,63.06923987711668,0.30666666666666664,0.013333333333333334,0.29333333333333333,0.9937800630286946,,True,True,True,达到接近论文效果的候选标准，可继续做多 seed 与参数敏感性验证。,0.03,0.016,0.08,300000,42
continuous_confirm_is0p026_us0p018_cr0p1_ts1500000_s42,runs/continuous_confirm_is0p026_us0p018_cr0p1_ts1500000_s42/20260513_090149,800,29879,-42.562242408121186,-98.90940029266156,56.34715788454037,0.30375,0.03625,0.2675,0.9937748920646609,,True,True,True,达到接近论文效果的候选标准，可继续做多 seed 与参数敏感性验证。,0.026,0.018,0.1,1500000,42
continuous_sweep_is0p03_us0p016_cr0p1_ts300000_s42,runs/continuous_sweep_is0p03_us0p016_cr0p1_ts300000_s42/20260513_072733,300,12102,-40.15635298034574,-92.92602543790012,52.769672457554385,0.3233333333333333,0.056666666666666664,0.26666666666666666,0.9938026772434309,,True,True,True,达到接近论文效果的候选标准，可继续做多 seed 与参数敏感性验证。,0.03,0.016,0.1,300000,42
continuous_sweep_is0p026_us0p018_cr0p1_ts300000_s42,runs/continuous_sweep_is0p026_us0p018_cr0p1_ts300000_s42/20260513_072727,300,10560,-52.93726517578712,-105.95117657473436,53.01391139894724,0.25333333333333335,0.006666666666666667,0.2466666666666667,0.99375,,True,True,True,达到接近论文效果的候选标准，可继续做多 seed 与参数敏感性验证。,0.026,0.018,0.1,300000,42
continuous_confirm_is0p026_us0p018_cr0p1_ts1500000_s44,runs/continuous_confirm_is0p026_us0p018_cr0p1_ts1500000_s44/20260513_090147,800,27919,-46.573377691080516,-93.51208156587239,46.93870387479188,0.28625,0.05625,0.23,0.9937676850890075,,True,True,True,达到接近论文效果的候选标准，可继续做多 seed 与参数敏感性验证。,0.026,0.018,0.1,1500000,44
continuous_sweep_is0p022_us0p018_cr0p1_ts300000_s42,runs/continuous_sweep_is0p022_us0p018_cr0p1_ts300000_s42/20260513_072752,300,10815,-57.738785142908505,-103.25688265707741,45.51809751416891,0.23,0.013333333333333334,0.21666666666666667,0.9938049006010171,,True,True,True,达到接近论文效果的候选标准，可继续做多 seed 与参数敏感性验证。,0.022,0.018,0.1,300000,42
continuous_sweep_is0p026_us0p016_cr0p1_ts300000_s42,runs/continuous_sweep_is0p026_us0p016_cr0p1_ts300000_s42/20260513_072754,300,12151,-49.32381270578951,-88.78061861067451,39.456805904885,0.27666666666666667,0.07666666666666666,0.2,0.9938276685046499,,True,True,True,达到接近论文效果的候选标准，可继续做多 seed 与参数敏感性验证。,0.026,0.016,0.1,300000,42
continuous_confirm_is0p03_us0p016_cr0p1_ts1500000_s43,runs/continuous_confirm_is0p03_us0p016_cr0p1_ts1500000_s43/20260513_090216,800,30386,-37.39324191442777,-71.15730914131747,33.7640672268897,0.33,0.15875,0.17125,0.9937800302771013,,True,True,True,达到接近论文效果的候选标准，可继续做多 seed 与参数敏感性验证。,0.03,0.016,0.1,1500000,43
continuous_sweep_is0p026_us0p016_cr0p08_ts300000_s42,runs/continuous_sweep_is0p026_us0p016_cr0p08_ts300000_s42/20260513_072756,300,12068,-49.457749629021684,-80.76844512687872,31.310695497857033,0.27666666666666667,0.11666666666666667,0.16,0.9937852171030825,,True,True,True,达到接近论文效果的候选标准，可继续做多 seed 与参数敏感性验证。,0.026,0.016,0.08,300000,42
continuous_confirm_is0p03_us0p016_cr0p1_ts1500000_s42,runs/continuous_confirm_is0p03_us0p016_cr0p1_ts1500000_s42/20260513_100037,800,30788,-38.0060266652267,-61.18849071837231,23.18246405314561,0.3325,0.2075,0.12500000000000003,0.9937638040795115,,True,True,True,达到接近论文效果的候选标准，可继续做多 seed 与参数敏感性验证。,0.03,0.016,0.1,1500000,42
continuous_sweep_is0p022_us0p016_cr0p1_ts300000_s42,runs/continuous_sweep_is0p022_us0p016_cr0p1_ts300000_s42/20260513_072801,300,15456,-84.78503440616727,-107.48216440117359,22.69712999500632,0.10333333333333333,0.0033333333333333335,0.1,0.9937888198757764,,True,True,False,达到工程复现主要标准：机制有效且优于 baseline，但绝对拦截胜率仍需优化。,0.022,0.016,0.1,300000,42
continuous_confirm_is0p026_us0p018_cr0p1_ts1500000_s43,runs/continuous_confirm_is0p026_us0p018_cr0p1_ts1500000_s43/20260513_090157,800,29874,-41.39939481235966,-60.11160729893856,18.7122124865789,0.31,0.215,0.095,0.9937738501707171,,True,True,True,达到接近论文效果的候选标准，可继续做多 seed 与参数敏感性验证。,0.026,0.018,0.1,1500000,43
continuous_confirm_is0p03_us0p016_cr0p1_ts1500000_s44,runs/continuous_confirm_is0p03_us0p016_cr0p1_ts1500000_s44/20260513_090237,800,28359,-40.73066584156333,-55.547444330956594,14.816778489393265,0.315,0.23625,0.07875000000000001,0.9937585951549772,,True,True,True,达到接近论文效果的候选标准，可继续做多 seed 与参数敏感性验证。,0.03,0.016,0.1,1500000,44
continuous_confirm_is0p03_us0p016_cr0p08_ts1500000_s43,runs/continuous_confirm_is0p03_us0p016_cr0p08_ts1500000_s43/20260513_090208,800,29399,-42.061311066376696,-55.589529042089396,13.5282179757127,0.31125,0.235,0.07625000000000004,0.9937752984795402,,True,True,True,达到接近论文效果的候选标准，可继续做多 seed 与参数敏感性验证。,0.03,0.016,0.08,1500000,43
continuous_sweep_is0p026_us0p018_cr0p08_ts300000_s42,runs/continuous_sweep_is0p026_us0p018_cr0p08_ts300000_s42/20260513_072745,300,13593,-91.77649361917724,-102.3367902527213,10.560296633544056,0.06666666666666667,0.02,0.04666666666666666,0.9938203487088942,,True,True,False,达到工程复现主要标准：机制有效且优于 baseline，但绝对拦截胜率仍需优化。,0.026,0.018,0.08,300000,42
continuous_sweep_is0p022_us0p018_cr0p08_ts300000_s42,runs/continuous_sweep_is0p022_us0p018_cr0p08_ts300000_s42/20260513_072752,300,13916,-100.04757243762364,-106.79551286867857,6.7479404310549285,0.02666666666666667,0.0,0.02666666666666667,0.9938200632365622,,True,True,False,达到工程复现主要标准：机制有效且优于 baseline，但绝对拦截胜率仍需优化。,0.022,0.018,0.08,300000,42
continuous_sweep_is0p03_us0p018_cr0p1_ts300000_s42,runs/continuous_sweep_is0p03_us0p018_cr0p1_ts300000_s42/20260513_072729,300,11325,-68.80927738044412,-69.18574595857014,0.37646857812602263,0.17666666666666667,0.17,0.006666666666666654,0.9938189845474613,,True,True,False,达到工程复现主要标准：机制有效且优于 baseline，但绝对拦截胜率仍需优化。,0.03,0.018,0.1,300000,42
continuous_sam_confirm_is0p03_us0p016_cr0p08_ts1500000_s42_samth14_dc0p01_wu40_cd160_mg0p75_nv0p001_mx8_oufalse,runs/continuous_sam_confirm_is0p03_us0p016_cr0p08_ts1500000_s42_samth14_dc0p01_wu40_cd160_mg0p75_nv0p001_mx8_oufalse/20260514_045740,800,26777,-47.17657735556815,-108.67576642323061,61.49918906766246,0.27875,0.0,0.27875,0.33457818276879414,1.0,True,False,False,仅达到流程过关：链路已跑通，但相对 baseline 的收益仍不足。,0.03,0.016,0.08,1500000,42
continuous_sam_geometry_confirm_aggressive_is0p03_us0p016_cr0p08_ts1500000_s42_samth8_dc0p02_wu20_cd40_mg0p2_nv0p0005_mx8_fmgeometry_oufalse,runs/continuous_sam_geometry_confirm_aggressive_is0p03_us0p016_cr0p08_ts1500000_s42_samth8_dc0p02_wu20_cd40_mg0p2_nv0p0005_mx8_fmgeometry_oufalse/20260515_234827,800,29321,-49.07726538244675,-108.67576642323061,59.598501040783866,0.275,0.0,0.275,0.6838443436444869,243.0,True,False,False,仅达到流程过关：链路已跑通，但相对 baseline 的收益仍不足。,0.03,0.016,0.08,1500000,42
continuous_sam_multiseed_tune_is0p03_us0p016_cr0p08_ts300000_s42_samth8_dc0p02_wu20_cd40_mg0p2_nv0p0005_mx8_fmgeometry_oufalse,runs/continuous_sam_multiseed_tune_is0p03_us0p016_cr0p08_ts300000_s42_samth8_dc0p02_wu20_cd40_mg0p2_nv0p0005_mx8_fmgeometry_oufalse/20260515_202349,300,11104,-50.78977809263878,-105.95892317854663,55.16914508590785,0.26666666666666666,0.013333333333333334,0.25333333333333335,0.6693984149855908,100.0,True,False,False,仅达到流程过关：链路已跑通，但相对 baseline 的收益仍不足。,0.03,0.016,0.08,300000,42
continuous_sam_multiseed_tune_is0p03_us0p016_cr0p08_ts300000_s42_samth8_dc0p02_wu20_cd40_mg0p2_nv0p0005_mx8_fmgeometry_oufalse,runs/continuous_sam_multiseed_tune_is0p03_us0p016_cr0p08_ts300000_s42_samth8_dc0p02_wu20_cd40_mg0p2_nv0p0005_mx8_fmgeometry_oufalse/20260516_030634,300,11104,-50.78977809263878,-105.95892317854663,55.16914508590785,0.26666666666666666,0.013333333333333334,0.25333333333333335,0.6693984149855908,100.0,True,False,False,仅达到流程过关：链路已跑通，但相对 baseline 的收益仍不足。,0.03,0.016,0.08,300000,42
continuous_sam_multiseed_tune_is0p03_us0p016_cr0p08_ts300000_s42_samth10_dc0p02_wu20_cd60_mg0p25_nv0p0005_mx8_fmgeometry_oufalse,runs/continuous_sam_multiseed_tune_is0p03_us0p016_cr0p08_ts300000_s42_samth10_dc0p02_wu20_cd60_mg0p25_nv0p0005_mx8_fmgeometry_oufalse/20260515_202359,300,11456,-51.495164208825805,-105.95892317854663,54.46375896972082,0.2633333333333333,0.013333333333333334,0.24999999999999997,0.7094972067039106,83.0,True,False,False,仅达到流程过关：链路已跑通，但相对 baseline 的收益仍不足。,0.03,0.016,0.08,300000,42
continuous_sam_multiseed_tune_is0p03_us0p016_cr0p08_ts300000_s42_samth10_dc0p02_wu20_cd60_mg0p25_nv0p0005_mx8_fmgeometry_oufalse,runs/continuous_sam_multiseed_tune_is0p03_us0p016_cr0p08_ts300000_s42_samth10_dc0p02_wu20_cd60_mg0p25_nv0p0005_mx8_fmgeometry_oufalse/20260516_030622,300,11456,-51.495164208825805,-105.95892317854663,54.46375896972082,0.2633333333333333,0.013333333333333334,0.24999999999999997,0.7094972067039106,83.0,True,False,False,仅达到流程过关：链路已跑通，但相对 baseline 的收益仍不足。,0.03,0.016,0.08,300000,42
continuous_sam_geometry_confirm_aggressive_is0p03_us0p016_cr0p08_ts1500000_s44_samth8_dc0p02_wu20_cd40_mg0p2_nv0p0005_mx8_fmgeometry_oufalse,runs/continuous_sam_geometry_confirm_aggressive_is0p03_us0p016_cr0p08_ts1500000_s44_samth8_dc0p02_wu20_cd40_mg0p2_nv0p0005_mx8_fmgeometry_oufalse/20260515_234831,800,28406,-53.8981111487795,-109.12202236779572,55.22391121901622,0.25,0.005,0.245,0.7492431176512004,183.0,True,False,False,仅达到流程过关：链路已跑通，但相对 baseline 的收益仍不足。,0.03,0.016,0.08,1500000,44
continuous_sam_confirm_msbest_is0p03_us0p016_cr0p08_ts1500000_s44_samth10_dc0p01_wu30_cd80_mg0p35_nv0p001_mx8_oufalse,runs/continuous_sam_confirm_msbest_is0p03_us0p016_cr0p08_ts1500000_s44_samth10_dc0p01_wu30_cd80_mg0p35_nv0p001_mx8_oufalse/20260514_214053,800,31822,-58.063249754017434,-109.12202236779572,51.05877261377829,0.23125,0.005,0.22625,0.32006159260888695,28.0,True,False,False,仅达到流程过关：链路已跑通，但相对 baseline 的收益仍不足。,0.03,0.016,0.08,1500000,44
continuous_sam_tune_is0p03_us0p016_cr0p08_ts300000_s42_samth14_dc0p01_wu40_cd160_mg0p75_nv0p001_mx8_oufalse,runs/continuous_sam_tune_is0p03_us0p016_cr0p08_ts300000_s42_samth14_dc0p01_wu40_cd160_mg0p75_nv0p001_mx8_oufalse/20260514_015213,300,10323,-55.83891612291933,-105.95892317854663,50.1200070556273,0.23666666666666666,0.013333333333333334,0.22333333333333333,0.33352707546255933,1.0,True,False,False,仅达到流程过关：链路已跑通，但相对 baseline 的收益仍不足。,0.03,0.016,0.08,300000,42
continuous_sam_tune_is0p03_us0p016_cr0p08_ts300000_s42_samth16_dc0p02_wu40_cd120_mg1_nv0p0005_mx8_oufalse,runs/continuous_sam_tune_is0p03_us0p016_cr0p08_ts300000_s42_samth16_dc0p02_wu40_cd120_mg1_nv0p0005_mx8_oufalse/20260514_015204,300,10323,-55.83891612291933,-105.95892317854663,50.1200070556273,0.23666666666666666,0.013333333333333334,0.22333333333333333,0.33352707546255933,1.0,True,False,False,仅达到流程过关：链路已跑通，但相对 baseline 的收益仍不足。,0.03,0.016,0.08,300000,42
continuous_sam_multiseed_tune_is0p03_us0p016_cr0p08_ts300000_s42_samth10_dc0p01_wu30_cd80_mg0p35_nv0p001_mx8_oufalse,runs/continuous_sam_multiseed_tune_is0p03_us0p016_cr0p08_ts300000_s42_samth10_dc0p01_wu30_cd80_mg0p35_nv0p001_mx8_oufalse/20260514_082506,300,12053,-65.63591981240461,-105.95892317854663,40.32300336614202,0.19666666666666666,0.013333333333333334,0.18333333333333332,0.37293619845681575,20.0,True,False,False,仅达到流程过关：链路已跑通，但相对 baseline 的收益仍不足。,0.03,0.016,0.08,300000,42
continuous_sam_geometry_confirm_balanced_is0p03_us0p016_cr0p08_ts1500000_s44_samth12_dc0p02_wu30_cd80_mg0p5_nv0p0005_mx8_fmgeometry_oufalse,runs/continuous_sam_geometry_confirm_balanced_is0p03_us0p016_cr0p08_ts1500000_s44_samth12_dc0p02_wu30_cd80_mg0p5_nv0p0005_mx8_fmgeometry_oufalse/20260515_234844,800,33219,-67.60713045687312,-109.12202236779572,41.5148919109226,0.18625,0.005,0.18125,0.350492188205545,47.0,True,False,False,仅达到流程过关：链路已跑通，但相对 baseline 的收益仍不足。,0.03,0.016,0.08,1500000,44
continuous_sam_multiseed_tune_is0p03_us0p016_cr0p08_ts300000_s42_samth12_dc0p02_wu30_cd80_mg0p5_nv0p0005_mx8_fmgeometry_oufalse,runs/continuous_sam_multiseed_tune_is0p03_us0p016_cr0p08_ts300000_s42_samth12_dc0p02_wu30_cd80_mg0p5_nv0p0005_mx8_fmgeometry_oufalse/20260515_202414,300,12589,-70.70009945468095,-105.95892317854663,35.258823723865675,0.17333333333333334,0.013333333333333334,0.16,0.44006672491857973,31.0,True,False,False,仅达到流程过关：链路已跑通，但相对 baseline 的收益仍不足。,0.03,0.016,0.08,300000,42
continuous_sam_multiseed_tune_is0p03_us0p016_cr0p08_ts300000_s42_samth12_dc0p02_wu30_cd80_mg0p5_nv0p0005_mx8_fmgeometry_oufalse,runs/continuous_sam_multiseed_tune_is0p03_us0p016_cr0p08_ts300000_s42_samth12_dc0p02_wu30_cd80_mg0p5_nv0p0005_mx8_fmgeometry_oufalse/20260516_030620,300,12589,-70.70009945468095,-105.95892317854663,35.258823723865675,0.17333333333333334,0.013333333333333334,0.16,0.44006672491857973,31.0,True,False,False,仅达到流程过关：链路已跑通，但相对 baseline 的收益仍不足。,0.03,0.016,0.08,300000,42
continuous_sam_multiseed_tune_is0p03_us0p016_cr0p08_ts300000_s42_samth12_dc0p01_wu40_cd100_mg0p5_nv0p001_mx8_oufalse,runs/continuous_sam_multiseed_tune_is0p03_us0p016_cr0p08_ts300000_s42_samth12_dc0p01_wu40_cd100_mg0p5_nv0p001_mx8_oufalse/20260514_090158,300,11069,-70.55788112925974,-105.95892317854663,35.401042049286886,0.17,0.013333333333333334,0.15666666666666668,0.3361640617942,2.0,True,False,False,仅达到流程过关：链路已跑通，但相对 baseline 的收益仍不足。,0.03,0.016,0.08,300000,42
continuous_sam_multiseed_tune_is0p03_us0p016_cr0p08_ts300000_s42_samth14_dc0p02_wu40_cd120_mg0p75_nv0p0005_mx8_oufalse,runs/continuous_sam_multiseed_tune_is0p03_us0p016_cr0p08_ts300000_s42_samth14_dc0p02_wu40_cd120_mg0p75_nv0p0005_mx8_oufalse/20260514_091518,300,11069,-70.55788112925974,-105.95892317854663,35.401042049286886,0.17,0.013333333333333334,0.15666666666666668,0.3361640617942,2.0,True,False,False,仅达到流程过关：链路已跑通，但相对 baseline 的收益仍不足。,0.03,0.016,0.08,300000,42
continuous_sam_tune_is0p03_us0p016_cr0p08_ts300000_s42_samth12_dc0p01_wu40_cd120_mg0p5_nv0p001_mx8_oufalse,runs/continuous_sam_tune_is0p03_us0p016_cr0p08_ts300000_s42_samth12_dc0p01_wu40_cd120_mg0p5_nv0p001_mx8_oufalse/20260514_015221,300,11069,-70.55788112925974,-105.95892317854663,35.401042049286886,0.17,0.013333333333333334,0.15666666666666668,0.3361640617942,2.0,True,False,False,仅达到流程过关：链路已跑通，但相对 baseline 的收益仍不足。,0.03,0.016,0.08,300000,42
continuous_sam_tune_is0p03_us0p016_cr0p08_ts300000_s42_samth14_dc0p02_wu40_cd120_mg0p75_nv0p0005_mx8_oufalse,runs/continuous_sam_tune_is0p03_us0p016_cr0p08_ts300000_s42_samth14_dc0p02_wu40_cd120_mg0p75_nv0p0005_mx8_oufalse/20260514_015211,300,11069,-70.55788112925974,-105.95892317854663,35.401042049286886,0.17,0.013333333333333334,0.15666666666666668,0.3361640617942,2.0,True,False,False,仅达到流程过关：链路已跑通，但相对 baseline 的收益仍不足。,0.03,0.016,0.08,300000,42
continuous_confirm_is0p03_us0p016_cr0p08_ts1500000_s44,runs/continuous_confirm_is0p03_us0p016_cr0p08_ts1500000_s44/20260513_234434,800,32915,-73.53854131253425,-109.12202236779572,35.58348105526147,0.15625,0.005,0.15125,0.38988303205225583,935.0,True,False,False,仅达到流程过关：链路已跑通，但相对 baseline 的收益仍不足。,0.03,0.016,0.08,1500000,44
continuous_sam_tune_is0p03_us0p016_cr0p08_ts300000_s42_samth18_dc0p02_wu40_cd160_mg1p25_nv0p0005_mx8_oufalse,runs/continuous_sam_tune_is0p03_us0p016_cr0p08_ts300000_s42_samth18_dc0p02_wu40_cd160_mg1p25_nv0p0005_mx8_oufalse/20260514_015245,300,11062,-71.77003776461407,-105.95892317854663,34.18888541393255,0.16333333333333333,0.013333333333333334,0.15,0.33258000361598267,1.0,True,False,False,仅达到流程过关：链路已跑通，但相对 baseline 的收益仍不足。,0.03,0.016,0.08,300000,42
continuous_sam_multiseed_tune_is0p03_us0p016_cr0p08_ts300000_s43_samth10_dc0p02_wu20_cd60_mg0p25_nv0p0005_mx8_fmgeometry_oufalse,runs/continuous_sam_multiseed_tune_is0p03_us0p016_cr0p08_ts300000_s43_samth10_dc0p02_wu20_cd60_mg0p25_nv0p0005_mx8_fmgeometry_oufalse/20260515_202414,300,10560,-59.81699186023573,-91.28706244442874,31.47007058419301,0.22,0.07,0.15,0.6267992424242425,69.0,True,False,False,仅达到流程过关：链路已跑通，但相对 baseline 的收益仍不足。,0.03,0.016,0.08,300000,43
continuous_sam_multiseed_tune_is0p03_us0p016_cr0p08_ts300000_s43_samth10_dc0p02_wu20_cd60_mg0p25_nv0p0005_mx8_fmgeometry_oufalse,runs/continuous_sam_multiseed_tune_is0p03_us0p016_cr0p08_ts300000_s43_samth10_dc0p02_wu20_cd60_mg0p25_nv0p0005_mx8_fmgeometry_oufalse/20260516_030621,300,10560,-59.81699186023573,-91.28706244442874,31.47007058419301,0.22,0.07,0.15,0.6267992424242425,69.0,True,False,False,仅达到流程过关：链路已跑通，但相对 baseline 的收益仍不足。,0.03,0.016,0.08,300000,43
continuous_sam_multiseed_tune_is0p03_us0p016_cr0p08_ts300000_s43_samth10_dc0p01_wu30_cd80_mg0p35_nv0p001_mx8_fmgeometry_oufalse,runs/continuous_sam_multiseed_tune_is0p03_us0p016_cr0p08_ts300000_s43_samth10_dc0p01_wu30_cd80_mg0p35_nv0p001_mx8_fmgeometry_oufalse/20260515_202415,300,9640,-60.06393474630267,-91.28706244442874,31.22312769812607,0.21666666666666667,0.07,0.14666666666666667,0.36400414937759334,13.0,True,False,False,仅达到流程过关：链路已跑通，但相对 baseline 的收益仍不足。,0.03,0.016,0.08,300000,43
continuous_sam_multiseed_tune_is0p03_us0p016_cr0p08_ts300000_s43_samth10_dc0p01_wu30_cd80_mg0p35_nv0p001_mx8_fmgeometry_oufalse,runs/continuous_sam_multiseed_tune_is0p03_us0p016_cr0p08_ts300000_s43_samth10_dc0p01_wu30_cd80_mg0p35_nv0p001_mx8_fmgeometry_oufalse/20260516_030629,300,9640,-60.06393474630267,-91.28706244442874,31.22312769812607,0.21666666666666667,0.07,0.14666666666666667,0.36400414937759334,13.0,True,False,False,仅达到流程过关：链路已跑通，但相对 baseline 的收益仍不足。,0.03,0.016,0.08,300000,43
continuous_sam_multiseed_tune_is0p03_us0p016_cr0p08_ts300000_s43_samth12_dc0p02_wu30_cd80_mg0p5_nv0p0005_mx8_fmgeometry_oufalse,runs/continuous_sam_multiseed_tune_is0p03_us0p016_cr0p08_ts300000_s43_samth12_dc0p02_wu30_cd80_mg0p5_nv0p0005_mx8_fmgeometry_oufalse/20260515_202412,300,9640,-60.06393474630267,-91.28706244442874,31.22312769812607,0.21666666666666667,0.07,0.14666666666666667,0.36400414937759334,13.0,True,False,False,仅达到流程过关：链路已跑通，但相对 baseline 的收益仍不足。,0.03,0.016,0.08,300000,43
continuous_sam_multiseed_tune_is0p03_us0p016_cr0p08_ts300000_s43_samth12_dc0p02_wu30_cd80_mg0p5_nv0p0005_mx8_fmgeometry_oufalse,runs/continuous_sam_multiseed_tune_is0p03_us0p016_cr0p08_ts300000_s43_samth12_dc0p02_wu30_cd80_mg0p5_nv0p0005_mx8_fmgeometry_oufalse/20260516_030620,300,9640,-60.06393474630267,-91.28706244442874,31.22312769812607,0.21666666666666667,0.07,0.14666666666666667,0.36400414937759334,13.0,True,False,False,仅达到流程过关：链路已跑通，但相对 baseline 的收益仍不足。,0.03,0.016,0.08,300000,43
continuous_sam_multiseed_tune_is0p03_us0p016_cr0p08_ts300000_s42_samth12_dc0p02_wu30_cd80_mg0p5_nv0p0005_mx8_oufalse,runs/continuous_sam_multiseed_tune_is0p03_us0p016_cr0p08_ts300000_s42_samth12_dc0p02_wu30_cd80_mg0p5_nv0p0005_mx8_oufalse/20260514_083734,300,11651,-73.90047600646204,-105.95892317854663,32.058447172084584,0.15666666666666668,0.013333333333333334,0.14333333333333334,0.3500128744313793,11.0,True,False,False,仅达到流程过关：链路已跑通，但相对 baseline 的收益仍不足。,0.03,0.016,0.08,300000,42
continuous_sam_tune_is0p03_us0p016_cr0p08_ts300000_s42_samth12_dc0p02_wu40_cd80_mg0p5_nv0p0005_mx8_oufalse,runs/continuous_sam_tune_is0p03_us0p016_cr0p08_ts300000_s42_samth12_dc0p02_wu40_cd80_mg0p5_nv0p0005_mx8_oufalse/20260514_015210,300,11651,-73.90047600646204,-105.95892317854663,32.058447172084584,0.15666666666666668,0.013333333333333334,0.14333333333333334,0.3500128744313793,11.0,True,False,False,仅达到流程过关：链路已跑通，但相对 baseline 的收益仍不足。,0.03,0.016,0.08,300000,42
continuous_sam_multiseed_tune_is0p03_us0p016_cr0p08_ts300000_s43_samth10_dc0p01_wu30_cd80_mg0p35_nv0p001_mx8_oufalse,runs/continuous_sam_multiseed_tune_is0p03_us0p016_cr0p08_ts300000_s43_samth10_dc0p01_wu30_cd80_mg0p35_nv0p001_mx8_oufalse/20260514_082532,300,9236,-61.05802699482888,-91.28706244442874,30.229035449599863,0.21,0.07,0.13999999999999999,0.3290385448245994,1.0,True,False,False,仅达到流程过关：链路已跑通，但相对 baseline 的收益仍不足。,0.03,0.016,0.08,300000,43
continuous_sam_multiseed_tune_is0p03_us0p016_cr0p08_ts300000_s43_samth8_dc0p02_wu20_cd40_mg0p2_nv0p0005_mx8_fmgeometry_oufalse,runs/continuous_sam_multiseed_tune_is0p03_us0p016_cr0p08_ts300000_s43_samth8_dc0p02_wu20_cd40_mg0p2_nv0p0005_mx8_fmgeometry_oufalse/20260515_202401,300,10238,-61.692580637613695,-91.28706244442874,29.594481806815047,0.21,0.07,0.13999999999999999,0.64280132838445,79.0,True,False,False,仅达到流程过关：链路已跑通，但相对 baseline 的收益仍不足。,0.03,0.016,0.08,300000,43
continuous_sam_multiseed_tune_is0p03_us0p016_cr0p08_ts300000_s43_samth8_dc0p02_wu20_cd40_mg0p2_nv0p0005_mx8_fmgeometry_oufalse,runs/continuous_sam_multiseed_tune_is0p03_us0p016_cr0p08_ts300000_s43_samth8_dc0p02_wu20_cd40_mg0p2_nv0p0005_mx8_fmgeometry_oufalse/20260516_030620,300,10238,-61.692580637613695,-91.28706244442874,29.594481806815047,0.21,0.07,0.13999999999999999,0.64280132838445,79.0,True,False,False,仅达到流程过关：链路已跑通，但相对 baseline 的收益仍不足。,0.03,0.016,0.08,300000,43
continuous_confirm_is0p03_us0p016_cr0p08_ts1500000_s42,runs/continuous_confirm_is0p03_us0p016_cr0p08_ts1500000_s42/20260513_234535,800,33223,-77.58860506196916,-108.67576642323061,31.08716136126145,0.13875,0.0,0.13875,0.32989194232910934,755.0,True,False,False,仅达到流程过关：链路已跑通，但相对 baseline 的收益仍不足。,0.03,0.016,0.08,1500000,42
continuous_sam_confirm_msbest_is0p03_us0p016_cr0p08_ts1500000_s42_samth10_dc0p01_wu30_cd80_mg0p35_nv0p001_mx8_oufalse,runs/continuous_sam_confirm_msbest_is0p03_us0p016_cr0p08_ts1500000_s42_samth10_dc0p01_wu30_cd80_mg0p35_nv0p001_mx8_oufalse/20260514_214210,800,33192,-78.30502412100844,-108.67576642323061,30.37074230222217,0.13875,0.0,0.13875,0.3333935888165823,43.0,True,False,False,仅达到流程过关：链路已跑通，但相对 baseline 的收益仍不足。,0.03,0.016,0.08,1500000,42
continuous_sam_multiseed_tune_is0p03_us0p016_cr0p08_ts300000_s43_samth12_dc0p02_wu30_cd80_mg0p5_nv0p0005_mx8_oufalse,runs/continuous_sam_multiseed_tune_is0p03_us0p016_cr0p08_ts300000_s43_samth12_dc0p02_wu30_cd80_mg0p5_nv0p0005_mx8_oufalse/20260514_085003,300,9509,-62.06391193736332,-91.28706244442874,29.22315050706542,0.20666666666666667,0.07,0.13666666666666666,0.33641813019244926,1.0,True,False,False,仅达到流程过关：链路已跑通，但相对 baseline 的收益仍不足。,0.03,0.016,0.08,300000,43
continuous_sam_multiseed_tune_is0p03_us0p016_cr0p08_ts300000_s43_samth12_dc0p01_wu40_cd100_mg0p5_nv0p001_mx8_fmgeometry_oufalse,runs/continuous_sam_multiseed_tune_is0p03_us0p016_cr0p08_ts300000_s43_samth12_dc0p01_wu40_cd100_mg0p5_nv0p001_mx8_fmgeometry_oufalse/20260515_202418,300,9662,-65.63371410760432,-91.28706244442874,25.653348336824422,0.19,0.07,0.12,0.3321258538604844,3.0,True,False,False,仅达到流程过关：链路已跑通，但相对 baseline 的收益仍不足。,0.03,0.016,0.08,300000,43
continuous_sam_multiseed_tune_is0p03_us0p016_cr0p08_ts300000_s43_samth12_dc0p01_wu40_cd100_mg0p5_nv0p001_mx8_fmgeometry_oufalse,runs/continuous_sam_multiseed_tune_is0p03_us0p016_cr0p08_ts300000_s43_samth12_dc0p01_wu40_cd100_mg0p5_nv0p001_mx8_fmgeometry_oufalse/20260516_030626,300,9662,-65.63371410760432,-91.28706244442874,25.653348336824422,0.19,0.07,0.12,0.3321258538604844,3.0,True,False,False,仅达到流程过关：链路已跑通，但相对 baseline 的收益仍不足。,0.03,0.016,0.08,300000,43
continuous_sam_multiseed_tune_is0p03_us0p016_cr0p08_ts300000_s43_samth14_dc0p02_wu40_cd120_mg0p75_nv0p0005_mx8_fmgeometry_oufalse,runs/continuous_sam_multiseed_tune_is0p03_us0p016_cr0p08_ts300000_s43_samth14_dc0p02_wu40_cd120_mg0p75_nv0p0005_mx8_fmgeometry_oufalse/20260515_202404,300,9662,-65.63371410760432,-91.28706244442874,25.653348336824422,0.19,0.07,0.12,0.33202235561995447,3.0,True,False,False,仅达到流程过关：链路已跑通，但相对 baseline 的收益仍不足。,0.03,0.016,0.08,300000,43
continuous_sam_multiseed_tune_is0p03_us0p016_cr0p08_ts300000_s43_samth14_dc0p02_wu40_cd120_mg0p75_nv0p0005_mx8_fmgeometry_oufalse,runs/continuous_sam_multiseed_tune_is0p03_us0p016_cr0p08_ts300000_s43_samth14_dc0p02_wu40_cd120_mg0p75_nv0p0005_mx8_fmgeometry_oufalse/20260516_030623,300,9662,-65.63371410760432,-91.28706244442874,25.653348336824422,0.19,0.07,0.12,0.33202235561995447,3.0,True,False,False,仅达到流程过关：链路已跑通，但相对 baseline 的收益仍不足。,0.03,0.016,0.08,300000,43
continuous_sam_multiseed_tune_is0p03_us0p016_cr0p08_ts300000_s42_samth8_dc0p02_wu20_cd40_mg0p2_nv0p0005_mx8_oufalse,runs/continuous_sam_multiseed_tune_is0p03_us0p016_cr0p08_ts300000_s42_samth8_dc0p02_wu20_cd40_mg0p2_nv0p0005_mx8_oufalse/20260514_074723,300,12131,-81.3976741911826,-105.95892317854663,24.561248987364024,0.12,0.013333333333333334,0.10666666666666666,0.48091665979721376,97.0,True,False,False,仅达到流程过关：链路已跑通，但相对 baseline 的收益仍不足。,0.03,0.016,0.08,300000,42
continuous_sam_geometry_confirm_balanced_is0p03_us0p016_cr0p08_ts1500000_s42_samth12_dc0p02_wu30_cd80_mg0p5_nv0p0005_mx8_fmgeometry_oufalse,runs/continuous_sam_geometry_confirm_balanced_is0p03_us0p016_cr0p08_ts1500000_s42_samth12_dc0p02_wu30_cd80_mg0p5_nv0p0005_mx8_fmgeometry_oufalse/20260515_234903,800,34109,-85.41984901764751,-108.67576642323061,23.255917405583105,0.10625,0.0,0.10625,0.38851915916620244,61.0,True,False,False,仅达到流程过关：链路已跑通，但相对 baseline 的收益仍不足。,0.03,0.016,0.08,1500000,42
continuous_sam_multiseed_tune_is0p03_us0p016_cr0p08_ts300000_s42_samth10_dc0p01_wu30_cd80_mg0p35_nv0p001_mx8_fmgeometry_oufalse,runs/continuous_sam_multiseed_tune_is0p03_us0p016_cr0p08_ts300000_s42_samth10_dc0p01_wu30_cd80_mg0p35_nv0p001_mx8_fmgeometry_oufalse/20260515_202408,300,12597,-83.2451521637107,-105.95892317854663,22.713771014835928,0.11333333333333333,0.013333333333333334,0.09999999999999999,0.45939509407001666,33.0,True,False,False,仅达到流程过关：链路已跑通，但相对 baseline 的收益仍不足。,0.03,0.016,0.08,300000,42
continuous_sam_multiseed_tune_is0p03_us0p016_cr0p08_ts300000_s42_samth10_dc0p01_wu30_cd80_mg0p35_nv0p001_mx8_fmgeometry_oufalse,runs/continuous_sam_multiseed_tune_is0p03_us0p016_cr0p08_ts300000_s42_samth10_dc0p01_wu30_cd80_mg0p35_nv0p001_mx8_fmgeometry_oufalse/20260516_030625,300,12597,-83.2451521637107,-105.95892317854663,22.713771014835928,0.11333333333333333,0.013333333333333334,0.09999999999999999,0.45939509407001666,33.0,True,False,False,仅达到流程过关：链路已跑通，但相对 baseline 的收益仍不足。,0.03,0.016,0.08,300000,42
continuous_sam_tune_is0p03_us0p016_cr0p08_ts300000_s42_samth10_dc0p02_wu40_cd80_mg0p25_nv0p0005_mx8_oufalse,runs/continuous_sam_tune_is0p03_us0p016_cr0p08_ts300000_s42_samth10_dc0p02_wu40_cd80_mg0p25_nv0p0005_mx8_oufalse/20260514_015209,300,12154,-83.64033561363618,-105.95892317854663,22.318587564910445,0.11,0.013333333333333334,0.09666666666666666,0.42595030442652626,58.0,True,False,False,仅达到流程过关：链路已跑通，但相对 baseline 的收益仍不足。,0.03,0.016,0.08,300000,42
continuous_confirm_is0p026_us0p018_cr0p1_ts1500000_s42,runs/continuous_confirm_is0p026_us0p018_cr0p1_ts1500000_s42/20260513_234216,800,27840,-78.03817661360559,-98.90940029266156,20.871223679055973,0.12875,0.03625,0.0925,0.3425646551724138,614.0,True,False,False,仅达到流程过关：链路已跑通，但相对 baseline 的收益仍不足。,0.026,0.018,0.1,1500000,42
continuous_sam_multiseed_tune_is0p03_us0p016_cr0p08_ts300000_s42_samth10_dc0p02_wu20_cd60_mg0p25_nv0p0005_mx8_oufalse,runs/continuous_sam_multiseed_tune_is0p03_us0p016_cr0p08_ts300000_s42_samth10_dc0p02_wu20_cd60_mg0p25_nv0p0005_mx8_oufalse/20260514_080022,300,12260,-85.07585354955742,-105.95892317854663,20.883069628989205,0.10333333333333333,0.013333333333333334,0.09,0.4701468189233279,76.0,True,False,False,仅达到流程过关：链路已跑通，但相对 baseline 的收益仍不足。,0.03,0.016,0.08,300000,42
continuous_sam_multiseed_tune_is0p03_us0p016_cr0p08_ts300000_s44_samth12_dc0p01_wu40_cd100_mg0p5_nv0p001_mx8_fmgeometry_oufalse,runs/continuous_sam_multiseed_tune_is0p03_us0p016_cr0p08_ts300000_s44_samth12_dc0p01_wu40_cd100_mg0p5_nv0p001_mx8_fmgeometry_oufalse/20260515_202408,300,12118,-89.8298547077133,-109.7845787092924,19.95472400157911,0.07666666666666666,0.0,0.07666666666666666,0.3300049513120977,1.0,True,False,False,仅达到流程过关：链路已跑通，但相对 baseline 的收益仍不足。,0.03,0.016,0.08,300000,44
continuous_sam_multiseed_tune_is0p03_us0p016_cr0p08_ts300000_s44_samth12_dc0p01_wu40_cd100_mg0p5_nv0p001_mx8_fmgeometry_oufalse,runs/continuous_sam_multiseed_tune_is0p03_us0p016_cr0p08_ts300000_s44_samth12_dc0p01_wu40_cd100_mg0p5_nv0p001_mx8_fmgeometry_oufalse/20260516_030625,300,12118,-89.8298547077133,-109.7845787092924,19.95472400157911,0.07666666666666666,0.0,0.07666666666666666,0.3300049513120977,1.0,True,False,False,仅达到流程过关：链路已跑通，但相对 baseline 的收益仍不足。,0.03,0.016,0.08,300000,44
continuous_sam_multiseed_tune_is0p03_us0p016_cr0p08_ts300000_s44_samth14_dc0p02_wu40_cd120_mg0p75_nv0p0005_mx8_fmgeometry_oufalse,runs/continuous_sam_multiseed_tune_is0p03_us0p016_cr0p08_ts300000_s44_samth14_dc0p02_wu40_cd120_mg0p75_nv0p0005_mx8_fmgeometry_oufalse/20260515_202400,300,12118,-90.54493946692882,-109.7845787092924,19.23963924236358,0.07333333333333333,0.0,0.07333333333333333,0.3300049513120977,1.0,True,False,False,仅达到流程过关：链路已跑通，但相对 baseline 的收益仍不足。,0.03,0.016,0.08,300000,44
continuous_sam_multiseed_tune_is0p03_us0p016_cr0p08_ts300000_s44_samth14_dc0p02_wu40_cd120_mg0p75_nv0p0005_mx8_fmgeometry_oufalse,runs/continuous_sam_multiseed_tune_is0p03_us0p016_cr0p08_ts300000_s44_samth14_dc0p02_wu40_cd120_mg0p75_nv0p0005_mx8_fmgeometry_oufalse/20260516_030622,300,12118,-90.54493946692882,-109.7845787092924,19.23963924236358,0.07333333333333333,0.0,0.07333333333333333,0.3300049513120977,1.0,True,False,False,仅达到流程过关：链路已跑通，但相对 baseline 的收益仍不足。,0.03,0.016,0.08,300000,44
continuous_sam_multiseed_tune_is0p03_us0p016_cr0p08_ts300000_s44_samth8_dc0p02_wu20_cd40_mg0p2_nv0p0005_mx8_fmgeometry_oufalse,runs/continuous_sam_multiseed_tune_is0p03_us0p016_cr0p08_ts300000_s44_samth8_dc0p02_wu20_cd40_mg0p2_nv0p0005_mx8_fmgeometry_oufalse/20260515_202359,300,13964,-92.39114121618296,-109.7845787092924,17.393437493109445,0.06666666666666667,0.0,0.06666666666666667,0.5909481523918648,119.0,True,False,False,仅达到流程过关：链路已跑通，但相对 baseline 的收益仍不足。,0.03,0.016,0.08,300000,44
continuous_sam_multiseed_tune_is0p03_us0p016_cr0p08_ts300000_s44_samth8_dc0p02_wu20_cd40_mg0p2_nv0p0005_mx8_fmgeometry_oufalse,runs/continuous_sam_multiseed_tune_is0p03_us0p016_cr0p08_ts300000_s44_samth8_dc0p02_wu20_cd40_mg0p2_nv0p0005_mx8_fmgeometry_oufalse/20260516_030625,300,13964,-92.39114121618296,-109.7845787092924,17.393437493109445,0.06666666666666667,0.0,0.06666666666666667,0.5909481523918648,119.0,True,False,False,仅达到流程过关：链路已跑通，但相对 baseline 的收益仍不足。,0.03,0.016,0.08,300000,44
continuous_sam_multiseed_tune_is0p03_us0p016_cr0p08_ts300000_s43_samth8_dc0p02_wu20_cd40_mg0p2_nv0p0005_mx8_oufalse,runs/continuous_sam_multiseed_tune_is0p03_us0p016_cr0p08_ts300000_s43_samth8_dc0p02_wu20_cd40_mg0p2_nv0p0005_mx8_oufalse/20260514_074728,300,10781,-79.40758895230864,-91.28706244442874,11.879473492120098,0.12666666666666668,0.07,0.05666666666666667,0.5019942491420091,82.0,True,False,False,仅达到流程过关：链路已跑通，但相对 baseline 的收益仍不足。,0.03,0.016,0.08,300000,43
continuous_sam_multiseed_tune_is0p03_us0p016_cr0p08_ts300000_s44_samth8_dc0p02_wu20_cd40_mg0p2_nv0p0005_mx8_oufalse,runs/continuous_sam_multiseed_tune_is0p03_us0p016_cr0p08_ts300000_s44_samth8_dc0p02_wu20_cd40_mg0p2_nv0p0005_mx8_oufalse/20260514_080021,300,12960,-95.3586238182957,-109.7845787092924,14.425954890996707,0.05333333333333334,0.0,0.05333333333333334,0.5234567901234568,115.0,True,False,False,仅达到流程过关：链路已跑通，但相对 baseline 的收益仍不足。,0.03,0.016,0.08,300000,44
continuous_sam_multiseed_tune_is0p03_us0p016_cr0p08_ts300000_s44_samth10_dc0p02_wu20_cd60_mg0p25_nv0p0005_mx8_fmgeometry_oufalse,runs/continuous_sam_multiseed_tune_is0p03_us0p016_cr0p08_ts300000_s44_samth10_dc0p02_wu20_cd60_mg0p25_nv0p0005_mx8_fmgeometry_oufalse/20260515_202413,300,13452,-95.42845286388223,-109.7845787092924,14.356125845410176,0.05333333333333334,0.0,0.05333333333333334,0.4921201308355635,92.0,True,False,False,仅达到流程过关：链路已跑通，但相对 baseline 的收益仍不足。,0.03,0.016,0.08,300000,44
continuous_sam_multiseed_tune_is0p03_us0p016_cr0p08_ts300000_s44_samth10_dc0p02_wu20_cd60_mg0p25_nv0p0005_mx8_fmgeometry_oufalse,runs/continuous_sam_multiseed_tune_is0p03_us0p016_cr0p08_ts300000_s44_samth10_dc0p02_wu20_cd60_mg0p25_nv0p0005_mx8_fmgeometry_oufalse/20260516_030645,300,13452,-95.42845286388223,-109.7845787092924,14.356125845410176,0.05333333333333334,0.0,0.05333333333333334,0.4921201308355635,92.0,True,False,False,仅达到流程过关：链路已跑通，但相对 baseline 的收益仍不足。,0.03,0.016,0.08,300000,44
continuous_sam_multiseed_tune_is0p03_us0p016_cr0p08_ts300000_s42_samth12_dc0p01_wu40_cd100_mg0p5_nv0p001_mx8_fmgeometry_oufalse,runs/continuous_sam_multiseed_tune_is0p03_us0p016_cr0p08_ts300000_s42_samth12_dc0p01_wu40_cd100_mg0p5_nv0p001_mx8_fmgeometry_oufalse/20260515_202417,300,12783,-93.42385438803807,-105.95892317854663,12.53506879050856,0.06666666666666667,0.013333333333333334,0.05333333333333333,0.3521864976922475,8.0,True,False,False,仅达到流程过关：链路已跑通，但相对 baseline 的收益仍不足。,0.03,0.016,0.08,300000,42
continuous_sam_multiseed_tune_is0p03_us0p016_cr0p08_ts300000_s42_samth12_dc0p01_wu40_cd100_mg0p5_nv0p001_mx8_fmgeometry_oufalse,runs/continuous_sam_multiseed_tune_is0p03_us0p016_cr0p08_ts300000_s42_samth12_dc0p01_wu40_cd100_mg0p5_nv0p001_mx8_fmgeometry_oufalse/20260516_030621,300,12783,-93.42385438803807,-105.95892317854663,12.53506879050856,0.06666666666666667,0.013333333333333334,0.05333333333333333,0.3521864976922475,8.0,True,False,False,仅达到流程过关：链路已跑通，但相对 baseline 的收益仍不足。,0.03,0.016,0.08,300000,42
continuous_sam_multiseed_tune_is0p03_us0p016_cr0p08_ts300000_s44_samth12_dc0p01_wu40_cd100_mg0p5_nv0p001_mx8_oufalse,runs/continuous_sam_multiseed_tune_is0p03_us0p016_cr0p08_ts300000_s44_samth12_dc0p01_wu40_cd100_mg0p5_nv0p001_mx8_oufalse/20260514_091358,300,12152,-95.51036170558658,-109.7845787092924,14.274217003705829,0.05,0.0,0.05,0.32908163265306123,1.0,True,False,False,仅达到流程过关：链路已跑通，但相对 baseline 的收益仍不足。,0.03,0.016,0.08,300000,44
continuous_sam_multiseed_tune_is0p03_us0p016_cr0p08_ts300000_s44_samth12_dc0p02_wu30_cd80_mg0p5_nv0p0005_mx8_fmgeometry_oufalse,runs/continuous_sam_multiseed_tune_is0p03_us0p016_cr0p08_ts300000_s44_samth12_dc0p02_wu30_cd80_mg0p5_nv0p0005_mx8_fmgeometry_oufalse/20260515_202412,300,12630,-96.76921770750918,-109.7845787092924,13.01536100178322,0.04666666666666667,0.0,0.04666666666666667,0.3411718131433096,8.0,True,False,False,仅达到流程过关：链路已跑通，但相对 baseline 的收益仍不足。,0.03,0.016,0.08,300000,44
continuous_sam_multiseed_tune_is0p03_us0p016_cr0p08_ts300000_s44_samth12_dc0p02_wu30_cd80_mg0p5_nv0p0005_mx8_fmgeometry_oufalse,runs/continuous_sam_multiseed_tune_is0p03_us0p016_cr0p08_ts300000_s44_samth12_dc0p02_wu30_cd80_mg0p5_nv0p0005_mx8_fmgeometry_oufalse/20260516_030626,300,12630,-96.76921770750918,-109.7845787092924,13.01536100178322,0.04666666666666667,0.0,0.04666666666666667,0.3411718131433096,8.0,True,False,False,仅达到流程过关：链路已跑通，但相对 baseline 的收益仍不足。,0.03,0.016,0.08,300000,44
continuous_confirm_is0p026_us0p018_cr0p1_ts1500000_s44,runs/continuous_confirm_is0p026_us0p018_cr0p1_ts1500000_s44/20260513_234242,800,25945,-83.62175101420657,-93.51208156587239,9.890330551665826,0.1025,0.05625,0.04624999999999999,0.37490846020427826,752.0,True,False,False,仅达到流程过关：链路已跑通，但相对 baseline 的收益仍不足。,0.026,0.018,0.1,1500000,44
continuous_sam_multiseed_tune_is0p03_us0p016_cr0p08_ts300000_s44_samth10_dc0p01_wu30_cd80_mg0p35_nv0p001_mx8_fmgeometry_oufalse,runs/continuous_sam_multiseed_tune_is0p03_us0p016_cr0p08_ts300000_s44_samth10_dc0p01_wu30_cd80_mg0p35_nv0p001_mx8_fmgeometry_oufalse/20260515_202420,300,12630,-98.46242484167591,-109.7845787092924,11.322153867616493,0.04,0.0,0.04,0.3482185273159145,17.0,True,False,False,仅达到流程过关：链路已跑通，但相对 baseline 的收益仍不足。,0.03,0.016,0.08,300000,44
continuous_sam_multiseed_tune_is0p03_us0p016_cr0p08_ts300000_s44_samth10_dc0p01_wu30_cd80_mg0p35_nv0p001_mx8_fmgeometry_oufalse,runs/continuous_sam_multiseed_tune_is0p03_us0p016_cr0p08_ts300000_s44_samth10_dc0p01_wu30_cd80_mg0p35_nv0p001_mx8_fmgeometry_oufalse/20260516_030631,300,12630,-98.46242484167591,-109.7845787092924,11.322153867616493,0.04,0.0,0.04,0.3482185273159145,17.0,True,False,False,仅达到流程过关：链路已跑通，但相对 baseline 的收益仍不足。,0.03,0.016,0.08,300000,44
continuous_sam_multiseed_tune_is0p03_us0p016_cr0p08_ts300000_s44_samth10_dc0p01_wu30_cd80_mg0p35_nv0p001_mx8_oufalse,runs/continuous_sam_multiseed_tune_is0p03_us0p016_cr0p08_ts300000_s44_samth10_dc0p01_wu30_cd80_mg0p35_nv0p001_mx8_oufalse/20260514_083724,300,13452,-99.95808914441018,-109.7845787092924,9.826489564882223,0.03333333333333333,0.0,0.03333333333333333,0.3383883437407077,5.0,True,False,False,仅达到流程过关：链路已跑通，但相对 baseline 的收益仍不足。,0.03,0.016,0.08,300000,44
continuous_sam_multiseed_tune_is0p03_us0p016_cr0p08_ts300000_s44_samth12_dc0p02_wu30_cd80_mg0p5_nv0p0005_mx8_oufalse,runs/continuous_sam_multiseed_tune_is0p03_us0p016_cr0p08_ts300000_s44_samth12_dc0p02_wu30_cd80_mg0p5_nv0p0005_mx8_oufalse/20260514_085001,300,13452,-100.00170289954691,-109.7845787092924,9.78287580974549,0.03333333333333333,0.0,0.03333333333333333,0.33831400535236394,3.0,True,False,False,仅达到流程过关：链路已跑通，但相对 baseline 的收益仍不足。,0.03,0.016,0.08,300000,44
continuous_sam_multiseed_tune_is0p03_us0p016_cr0p08_ts300000_s43_samth10_dc0p02_wu20_cd60_mg0p25_nv0p0005_mx8_oufalse,runs/continuous_sam_multiseed_tune_is0p03_us0p016_cr0p08_ts300000_s43_samth10_dc0p02_wu20_cd60_mg0p25_nv0p0005_mx8_oufalse/20260514_081317,300,10542,-83.8036694987605,-91.28706244442874,7.483392945668243,0.10333333333333333,0.07,0.033333333333333326,0.46803263137924495,48.0,True,False,False,仅达到流程过关：链路已跑通，但相对 baseline 的收益仍不足。,0.03,0.016,0.08,300000,43
continuous_sam_multiseed_tune_is0p03_us0p016_cr0p08_ts300000_s44_samth10_dc0p02_wu20_cd60_mg0p25_nv0p0005_mx8_oufalse,runs/continuous_sam_multiseed_tune_is0p03_us0p016_cr0p08_ts300000_s44_samth10_dc0p02_wu20_cd60_mg0p25_nv0p0005_mx8_oufalse/20260514_081306,300,13112,-100.68899781925877,-109.7845787092924,9.09558089003363,0.03,0.0,0.03,0.399862721171446,70.0,True,False,False,仅达到流程过关：链路已跑通，但相对 baseline 的收益仍不足。,0.03,0.016,0.08,300000,44
continuous_sam_confirm_msbest_is0p03_us0p016_cr0p08_ts1500000_s43_samth10_dc0p01_wu30_cd80_mg0p35_nv0p001_mx8_oufalse,runs/continuous_sam_confirm_msbest_is0p03_us0p016_cr0p08_ts1500000_s43_samth10_dc0p01_wu30_cd80_mg0p35_nv0p001_mx8_oufalse/20260514_214039,800,25692,-50.784481623382405,-55.589529042089396,4.805047418706991,0.26,0.235,0.025000000000000022,0.3336447143079558,1.0,True,False,False,仅达到流程过关：链路已跑通，但相对 baseline 的收益仍不足。,0.03,0.016,0.08,1500000,43
continuous_sam_multiseed_tune_is0p03_us0p016_cr0p08_ts300000_s42_samth14_dc0p02_wu40_cd120_mg0p75_nv0p0005_mx8_fmgeometry_oufalse,runs/continuous_sam_multiseed_tune_is0p03_us0p016_cr0p08_ts300000_s42_samth14_dc0p02_wu40_cd120_mg0p75_nv0p0005_mx8_fmgeometry_oufalse/20260515_202356,300,13427,-100.13089016703168,-105.95892317854663,5.828033011514947,0.03666666666666667,0.013333333333333334,0.02333333333333333,0.35331794146123485,8.0,True,False,False,仅达到流程过关：链路已跑通，但相对 baseline 的收益仍不足。,0.03,0.016,0.08,300000,42
continuous_sam_multiseed_tune_is0p03_us0p016_cr0p08_ts300000_s42_samth14_dc0p02_wu40_cd120_mg0p75_nv0p0005_mx8_fmgeometry_oufalse,runs/continuous_sam_multiseed_tune_is0p03_us0p016_cr0p08_ts300000_s42_samth14_dc0p02_wu40_cd120_mg0p75_nv0p0005_mx8_fmgeometry_oufalse/20260516_030617,300,13427,-100.13089016703168,-105.95892317854663,5.828033011514947,0.03666666666666667,0.013333333333333334,0.02333333333333333,0.35331794146123485,8.0,True,False,False,仅达到流程过关：链路已跑通，但相对 baseline 的收益仍不足。,0.03,0.016,0.08,300000,42
continuous_sam_multiseed_tune_is0p03_us0p016_cr0p08_ts300000_s44_samth14_dc0p02_wu40_cd120_mg0p75_nv0p0005_mx8_oufalse,runs/continuous_sam_multiseed_tune_is0p03_us0p016_cr0p08_ts300000_s44_samth14_dc0p02_wu40_cd120_mg0p75_nv0p0005_mx8_oufalse/20260514_092733,300,12060,-103.83976718799771,-109.7845787092924,5.944811521294696,0.01,0.0,0.01,0.33665008291873966,0.0,True,False,False,仅达到流程过关：链路已跑通，但相对 baseline 的收益仍不足。,0.03,0.016,0.08,300000,44
continuous_sam_confirm_is0p03_us0p016_cr0p08_ts1500000_s44_samth14_dc0p01_wu40_cd160_mg0p75_nv0p001_mx8_oufalse,runs/continuous_sam_confirm_is0p03_us0p016_cr0p08_ts1500000_s44_samth14_dc0p01_wu40_cd160_mg0p75_nv0p001_mx8_oufalse/20260514_055146,800,29254,-102.9295646199735,-109.12202236779572,6.192457747822218,0.01125,0.005,0.0062499999999999995,0.3335954057564777,0.0,True,False,False,仅达到流程过关：链路已跑通，但相对 baseline 的收益仍不足。,0.03,0.016,0.08,1500000,44
continuous_sweep_test_is0p024_us0p016_cr0p09_ts256_s123,runs/continuous_sweep_test_is0p024_us0p016_cr0p09_ts256_s123/20260513_160718,2,31,-102.6523808401823,-102.68845699250699,0.0360761523246822,0.0,0.0,0.0,1.0,,True,False,False,仅达到流程过关：链路已跑通，但相对 baseline 的收益仍不足。,0.024,0.016,0.09,256,123
continuous_sam_geometry_confirm_aggressive_is0p03_us0p016_cr0p08_ts1500000_s43_samth8_dc0p02_wu20_cd40_mg0p2_nv0p0005_mx8_fmgeometry_oufalse,runs/continuous_sam_geometry_confirm_aggressive_is0p03_us0p016_cr0p08_ts1500000_s43_samth8_dc0p02_wu20_cd40_mg0p2_nv0p0005_mx8_fmgeometry_oufalse/20260515_234854,800,31425,-57.86521174278995,-55.589529042089396,-2.275682700700557,0.2325,0.235,-0.0024999999999999745,0.7322513922036595,269.0,True,False,False,仅达到流程过关：链路已跑通，但相对 baseline 的收益仍不足。,0.03,0.016,0.08,1500000,43
continuous_sweep_is0p022_us0p016_cr0p08_ts300000_s42,runs/continuous_sweep_is0p022_us0p016_cr0p08_ts300000_s42/20260513_072804,300,13973,-106.81686517798006,-104.68577306669056,-2.1310921112895045,0.0033333333333333335,0.006666666666666667,-0.0033333333333333335,0.9937737064338367,,True,False,False,仅达到流程过关：链路已跑通，但相对 baseline 的收益仍不足。,0.022,0.016,0.08,300000,42
continuous_sam_tune_is0p03_us0p016_cr0p08_ts300000_s42_samth16_dc0p01_wu40_cd160_mg1_nv0p001_mx8_oufalse,runs/continuous_sam_tune_is0p03_us0p016_cr0p08_ts300000_s42_samth16_dc0p01_wu40_cd160_mg1_nv0p001_mx8_oufalse/20260514_015213,300,13000,-107.65988312548895,-105.95892317854663,-1.7009599469423193,0.0,0.013333333333333334,-0.013333333333333334,0.3353846153846154,0.0,True,False,False,仅达到流程过关：链路已跑通，但相对 baseline 的收益仍不足。,0.03,0.016,0.08,300000,42
continuous_sam_tune_is0p03_us0p016_cr0p08_ts300000_s42_samth18_dc0p01_wu40_cd120_mg1p25_nv0p001_mx8_oufalse,runs/continuous_sam_tune_is0p03_us0p016_cr0p08_ts300000_s42_samth18_dc0p01_wu40_cd120_mg1p25_nv0p001_mx8_oufalse/20260514_015256,300,13000,-107.65988312548895,-105.95892317854663,-1.7009599469423193,0.0,0.013333333333333334,-0.013333333333333334,0.3353846153846154,0.0,True,False,False,仅达到流程过关：链路已跑通，但相对 baseline 的收益仍不足。,0.03,0.016,0.08,300000,42
continuous_sam_tune_is0p03_us0p016_cr0p08_ts300000_s42_samth20_dc0p01_wu40_cd200_mg1p5_nv0p001_mx8_oufalse,runs/continuous_sam_tune_is0p03_us0p016_cr0p08_ts300000_s42_samth20_dc0p01_wu40_cd200_mg1p5_nv0p001_mx8_oufalse/20260514_015200,300,13000,-107.65988312548895,-105.95892317854663,-1.7009599469423193,0.0,0.013333333333333334,-0.013333333333333334,0.3353846153846154,0.0,True,False,False,仅达到流程过关：链路已跑通，但相对 baseline 的收益仍不足。,0.03,0.016,0.08,300000,42
continuous_sam_tune_is0p03_us0p016_cr0p08_ts300000_s42_samth20_dc0p02_wu40_cd160_mg1p5_nv0p0005_mx8_oufalse,runs/continuous_sam_tune_is0p03_us0p016_cr0p08_ts300000_s42_samth20_dc0p02_wu40_cd160_mg1p5_nv0p0005_mx8_oufalse/20260514_015247,300,13000,-107.65988312548895,-105.95892317854663,-1.7009599469423193,0.0,0.013333333333333334,-0.013333333333333334,0.3353846153846154,0.0,True,False,False,仅达到流程过关：链路已跑通，但相对 baseline 的收益仍不足。,0.03,0.016,0.08,300000,42
continuous_sam_tune_is0p03_us0p016_cr0p08_ts300000_s42_samth24_dc0p01_wu40_cd200_mg2_nv0p001_mx8_oufalse,runs/continuous_sam_tune_is0p03_us0p016_cr0p08_ts300000_s42_samth24_dc0p01_wu40_cd200_mg2_nv0p001_mx8_oufalse/20260514_015227,300,13000,-107.65988312548895,-105.95892317854663,-1.7009599469423193,0.0,0.013333333333333334,-0.013333333333333334,0.3353846153846154,0.0,True,False,False,仅达到流程过关：链路已跑通，但相对 baseline 的收益仍不足。,0.03,0.016,0.08,300000,42
continuous_sam_geometry_confirm_balanced_is0p03_us0p016_cr0p08_ts1500000_s43_samth12_dc0p02_wu30_cd80_mg0p5_nv0p0005_mx8_fmgeometry_oufalse,runs/continuous_sam_geometry_confirm_balanced_is0p03_us0p016_cr0p08_ts1500000_s43_samth12_dc0p02_wu30_cd80_mg0p5_nv0p0005_mx8_fmgeometry_oufalse/20260515_234752,800,28116,-59.87907059448695,-55.589529042089396,-4.2895415523975515,0.22,0.235,-0.014999999999999986,0.33496941243420114,29.0,True,False,False,仅达到流程过关：链路已跑通，但相对 baseline 的收益仍不足。,0.03,0.016,0.08,1500000,43
continuous_sam_multiseed_tune_is0p03_us0p016_cr0p08_ts300000_s43_samth12_dc0p01_wu40_cd100_mg0p5_nv0p001_mx8_oufalse,runs/continuous_sam_multiseed_tune_is0p03_us0p016_cr0p08_ts300000_s43_samth12_dc0p01_wu40_cd100_mg0p5_nv0p001_mx8_oufalse/20260514_090241,300,12960,-106.42506337613362,-91.28706244442874,-15.13800093170488,0.0033333333333333335,0.07,-0.06666666666666668,0.3333333333333333,0.0,True,False,False,仅达到流程过关：链路已跑通，但相对 baseline 的收益仍不足。,0.03,0.016,0.08,300000,43
continuous_sam_multiseed_tune_is0p03_us0p016_cr0p08_ts300000_s43_samth14_dc0p02_wu40_cd120_mg0p75_nv0p0005_mx8_oufalse,runs/continuous_sam_multiseed_tune_is0p03_us0p016_cr0p08_ts300000_s43_samth14_dc0p02_wu40_cd120_mg0p75_nv0p0005_mx8_oufalse/20260514_092632,300,12960,-106.42506337613362,-91.28706244442874,-15.13800093170488,0.0033333333333333335,0.07,-0.06666666666666668,0.3333333333333333,0.0,True,False,False,仅达到流程过关：链路已跑通，但相对 baseline 的收益仍不足。,0.03,0.016,0.08,300000,43
continuous_confirm_is0p03_us0p016_cr0p1_ts1500000_s43,runs/continuous_confirm_is0p03_us0p016_cr0p1_ts1500000_s43/20260513_234537,800,32676,-91.39838782980134,-71.15730914131747,-20.241078688483867,0.07125,0.15875,-0.08750000000000001,0.3387807565185457,745.0,True,False,False,仅达到流程过关：链路已跑通，但相对 baseline 的收益仍不足。,0.03,0.016,0.1,1500000,43
continuous_sweep_is0p03_us0p018_cr0p08_ts300000_s42,runs/continuous_sweep_is0p03_us0p018_cr0p08_ts300000_s42/20260513_043225,300,13537,-103.57524019251665,-81.6166285523211,-21.958611640195542,0.013333333333333334,0.11333333333333333,-0.09999999999999999,0.9937947846642535,,True,False,False,仅达到流程过关：链路已跑通，但相对 baseline 的收益仍不足。,0.03,0.018,0.08,300000,42
continuous_confirm_is0p03_us0p016_cr0p08_ts1500000_s43,runs/continuous_confirm_is0p03_us0p016_cr0p08_ts1500000_s43/20260513_234531,800,32666,-82.890149850352,-55.589529042089396,-27.300620808262607,0.11125,0.235,-0.12374999999999999,0.36169105491948816,956.0,True,False,False,仅达到流程过关：链路已跑通，但相对 baseline 的收益仍不足。,0.03,0.016,0.08,1500000,43
continuous_confirm_is0p03_us0p016_cr0p1_ts1500000_s44,runs/continuous_confirm_is0p03_us0p016_cr0p1_ts1500000_s44/20260513_234614,800,33216,-84.49239731532165,-55.547444330956594,-28.94495298436506,0.105,0.23625,-0.13124999999999998,0.35440751445086704,921.0,True,False,False,仅达到流程过关：链路已跑通，但相对 baseline 的收益仍不足。,0.03,0.016,0.1,1500000,44
continuous_confirm_is0p03_us0p016_cr0p1_ts1500000_s42,runs/continuous_confirm_is0p03_us0p016_cr0p1_ts1500000_s42/20260513_234455,800,36501,-95.37586242563818,-61.18849071837231,-34.18737170726587,0.0575,0.2075,-0.15,0.3325114380427934,1014.0,True,False,False,仅达到流程过关：链路已跑通，但相对 baseline 的收益仍不足。,0.03,0.016,0.1,1500000,42
continuous_confirm_is0p026_us0p018_cr0p1_ts1500000_s43,runs/continuous_confirm_is0p026_us0p018_cr0p1_ts1500000_s43/20260513_234237,800,29816,-93.4673583809103,-60.11160729893856,-33.35575108197174,0.05625,0.215,-0.15875,0.3571907700563456,901.0,True,False,False,仅达到流程过关：链路已跑通，但相对 baseline 的收益仍不足。,0.026,0.018,0.1,1500000,43
continuous_sam_confirm_is0p03_us0p016_cr0p08_ts1500000_s43_samth14_dc0p01_wu40_cd160_mg0p75_nv0p001_mx8_oufalse,runs/continuous_sam_confirm_is0p03_us0p016_cr0p08_ts1500000_s43_samth14_dc0p01_wu40_cd160_mg0p75_nv0p001_mx8_oufalse/20260514_045736,800,34627,-104.4049764236138,-55.589529042089396,-48.81544738152441,0.01,0.235,-0.22499999999999998,0.334623270858001,0.0,True,False,False,仅达到流程过关：链路已跑通，但相对 baseline 的收益仍不足。,0.03,0.016,0.08,1500000,43
