episode,global_step,episode_step,reward,episode_reward_so_far,true_policy,assumed_policy,assumption_correct,predator_a_action,predator_b_action,switched,running_error_chase_x,running_error_chase_y
0,1,1,-1.0,-1.0,chase_x,chase_x,True,2,4,False,0.0,0.023651204604510978
0,2,2,-1.0,-2.0,chase_x,chase_x,True,0,0,False,0.00697612306632267,0.02693238342593063
0,3,3,-1.0,-3.0,chase_x,chase_x,True,0,1,False,0.043149373194684815,0.03438982172380056
0,4,4,-1.0,-4.0,chase_x,chase_x,True,2,3,False,0.09289902046315801,0.09804096217338443
0,5,5,-1.0,-5.0,chase_x,chase_x,True,1,0,False,0.09728865329391312,0.10215419648829205
0,6,6,-1.0,-6.0,chase_x,chase_x,True,0,2,False,0.14372845345973562,0.04053871709283441
0,7,7,-1.0,-7.0,chase_x,chase_x,True,0,4,False,0.06384471010650516,0.06524670631282115
0,8,8,-1.0,-8.0,chase_x,chase_x,True,2,1,False,0.0984275064059249,0.07577438262917302
0,9,9,-1.0,-9.0,chase_x,chase_x,True,2,4,False,0.017636312050315794,0.10080182323597653
0,10,10,-1.0,-10.0,chase_x,chase_x,True,2,4,False,0.0,0.12499311635770216
0,11,11,-1.0,-11.0,chase_x,chase_x,True,0,3,False,0.049695791563623026,0.1914366780044714
0,12,12,-1.0,-12.0,chase_x,chase_x,True,1,4,False,0.0,0.21550304414150767
0,13,13,-1.0,-13.0,chase_x,chase_x,True,0,0,False,0.007431525535709249,0.21940038831061848
0,14,14,-1.0,-14.0,chase_x,chase_x,True,3,0,False,0.014863051071418498,0.22329773247972928
0,15,15,-1.0,-15.0,chase_x,chase_x,True,2,0,False,0.022088650272348853,0.2291081426528926
0,16,16,-1.0,-16.0,chase_x,chase_x,True,2,4,False,0.0,0.25458340943241364
0,17,17,-1.0,-17.0,chase_x,chase_x,True,2,1,False,0.025067140964155854,0.26855931040294245
0,18,18,-1.0,-18.0,chase_x,chase_x,True,0,3,False,0.06610057112386791,0.33007022646285256
0,19,19,-1.0,-19.0,chase_x,chase_x,True,3,2,False,0.11271615821203451,0.2604626083233088
0,20,20,-1.0,-20.0,chase_x,chase_x,True,4,4,False,0.0418444307875796,0.29205853928050496
0,21,21,-1.0,-21.0,chase_x,chase_x,True,2,4,False,0.0,0.3222814114984768
0,22,22,-1.0,-22.0,chase_x,chase_x,True,0,4,False,0.0,0.35279527425391766
0,23,23,-1.0,-23.0,chase_x,chase_x,True,2,4,False,0.0,0.3819996581146027
0,24,24,-1.0,-24.0,chase_x,chase_x,True,2,1,False,0.032157477410330704,0.4022697729311947
0,25,25,-1.0,-25.0,chase_x,chase_x,True,2,0,False,0.04053289198542287,0.40472648165871905
0,26,26,-1.0,-26.0,chase_x,chase_x,True,2,4,False,0.0,0.4335915981086341
0,27,27,-1.0,-27.0,chase_x,chase_x,True,4,4,False,0.0,0.4625858219827612
0,28,28,-1.0,-28.0,chase_x,chase_x,True,2,2,False,0.048117628972865756,0.3943375534564818
0,29,29,-1.0,-29.0,chase_x,chase_x,True,2,4,False,0.0,0.42241373406122906
0,30,30,-1.0,-30.0,chase_x,chase_x,True,2,4,False,0.0,0.45206457867076677
0,31,31,-1.0,-31.0,chase_x,chase_x,True,2,3,False,0.037973074142964136,0.5203416959694557
0,32,32,-1.0,-32.0,chase_x,chase_x,True,1,2,False,0.08871027981112156,0.45037050486039465
0,33,33,-1.0,-33.0,chase_x,chase_x,True,2,2,False,0.14043000568387465,0.38030451515737296
0,34,34,-1.0,-34.0,chase_x,chase_x,True,2,2,False,0.19569183696504477,0.3082194450598926
0,35,35,-1.0,-35.0,chase_x,chase_x,True,0,3,False,0.2361230208451469,0.37516802450847286
0,36,36,-1.0,-36.0,chase_x,chase_x,True,2,1,False,0.27110924678812376,0.39288975587013686
0,37,37,-1.0,-37.0,chase_x,chase_x,True,2,3,False,0.30982215217293374,0.4604849779104043
0,38,38,-1.0,-38.0,chase_x,chase_x,True,1,2,False,0.36599298973307626,0.39134450901775786
0,39,39,-1.0,-39.0,chase_x,chase_x,True,2,0,False,0.3749688292717688,0.39570641158476605
0,40,40,-1.0,-40.0,chase_x,chase_x,True,2,3,False,0.41505584405634166,0.4619587637527388
1,41,1,-1.0,-1.0,chase_x,chase_x,True,3,1,False,0.468427758776776,0.4647554900248614
1,42,2,-1.0,-2.0,chase_x,chase_x,True,0,3,False,0.48852115103301497,0.5265804104076439
1,43,3,-1.0,-3.0,chase_x,chase_x,True,2,4,False,0.41398089130550253,0.5412480524641549
1,44,4,-1.0,-4.0,chase_x,chase_x,True,0,1,False,0.4643527174400468,0.5454123244436694
1,45,5,-1.0,-5.0,chase_x,chase_x,True,0,0,False,0.47498792735736683,0.5302922299870324
1,46,6,-1.0,-6.0,chase_x,chase_x,True,2,1,False,0.5222530044022521,0.5361683245116605
1,47,7,-1.0,-7.0,chase_x,chase_x,True,2,2,False,0.5586666870620532,0.4948530715742705
1,48,8,-1.0,-8.0,chase_x,chase_x,True,0,1,False,0.6079846338706344,0.5001943136876873
1,49,9,-1.0,-9.0,chase_x,chase_x,True,1,4,False,0.5317539204271031,0.5145139148940676
1,50,10,-1.0,-10.0,chase_x,chase_x,True,2,0,False,0.5441082368762861,0.5004210557254171
1,51,11,-1.0,-11.0,chase_x,chase_x,True,1,3,False,0.5696282961788016,0.5668477859702794
1,52,12,-1.0,-12.0,chase_x,chase_x,True,0,1,False,0.6198024142397381,0.5711649001142639
1,53,13,-1.0,-13.0,chase_x,chase_x,True,3,1,False,0.6678708084335436,0.57561963492673
1,54,14,-1.0,-14.0,chase_x,chase_x,True,1,2,False,0.6909655813982779,0.5397940784309927
1,55,15,-1.0,-15.0,chase_x,chase_x,True,2,2,False,0.7120906711185502,0.5029026670051208
1,56,16,-1.0,-16.0,chase_x,chase_x,True,0,0,False,0.7230109186676114,0.49101109463768455
1,57,17,-1.0,-17.0,chase_x,chase_x,True,4,4,False,0.6623466562602977,0.503633764546373
1,58,18,-1.0,-18.0,chase_x,chase_x,True,2,2,False,0.6882682951618595,0.4625674883097288
1,59,19,-1.0,-19.0,chase_x,chase_x,True,1,2,False,0.7215561377153198,0.4181872797617421
1,60,20,-1.0,-20.0,chase_x,chase_x,True,0,3,False,0.7298428906604058,0.4799712858871372
1,61,21,-1.0,-21.0,chase_x,chase_x,True,3,4,False,0.665898499912834,0.4956627051149368
1,62,22,-1.0,-22.0,chase_x,chase_x,True,4,0,False,0.6766100131809886,0.48223138809816724
1,63,23,-1.0,-23.0,chase_x,chase_x,True,2,2,False,0.7151972449804704,0.43831507601970165
1,64,24,-1.0,-24.0,chase_x,chase_x,True,2,1,False,0.7614645505976855,0.4452395677143933
1,65,25,-1.0,-25.0,chase_x,chase_x,True,0,0,False,0.7740548710936677,0.4327828784490714
1,66,26,-1.0,-26.0,chase_x,chase_x,True,2,0,False,0.7880321831033181,0.4197146633440636
1,67,27,-1.0,-27.0,chase_x,chase_x,True,0,4,False,0.7216394611876236,0.43439176607895136
1,68,28,-1.0,-28.0,chase_x,chase_x,True,2,1,False,0.7720641900016127,0.440620573574503
1,69,29,-1.0,-29.0,chase_x,chase_x,True,2,4,False,0.7060124673558946,0.45422943614319256
1,70,30,-1.0,-30.0,chase_x,chase_x,True,2,1,False,0.7555248827879661,0.4615478229707666
1,71,31,-1.0,-31.0,chase_x,chase_x,True,2,3,False,0.7579900265422705,0.5270279085997409
1,72,32,-1.0,-32.0,chase_x,chase_x,True,0,0,False,0.7696618348737397,0.5143689662595796
1,73,33,-1.0,-33.0,chase_x,chase_x,True,1,3,False,0.7753113446804369,0.5793371722172467
1,74,34,-1.0,-34.0,chase_x,chase_x,True,0,0,False,0.785592139483963,0.5669075516006737
1,75,35,-1.0,-35.0,chase_x,chase_x,True,2,2,False,0.8250787948673924,0.5274614747126203
1,76,36,-1.0,-36.0,chase_x,chase_x,True,2,1,False,0.867077441298449,0.5290948129111673
1,77,37,-1.0,-37.0,chase_x,chase_x,True,2,2,False,0.9034887957782392,0.49246190196246564
1,78,38,-1.0,-38.0,chase_x,chase_x,True,2,0,False,0.9164395211846916,0.48295189308272124
1,79,39,-1.0,-39.0,chase_x,chase_x,True,0,1,False,0.9638234572840964,0.48449468505323723
1,80,40,-1.0,-40.0,chase_x,chase_x,True,0,0,False,0.9764743354462904,0.474283514201028
2,81,1,-1.0,-1.0,chase_x,chase_x,True,0,3,False,0.9988215406543687,0.5373039444850384
2,82,2,-1.0,-2.0,chase_x,chase_x,True,2,4,False,0.9358253249743117,0.552862165100028
2,83,3,-1.0,-3.0,chase_x,chase_x,True,0,2,False,0.9727039022045458,0.49464928495232197
2,84,4,-1.0,-4.0,chase_x,chase_x,True,4,1,False,1.007587156698762,0.5112788348861554
2,85,5,-1.0,-5.0,chase_x,chase_x,True,2,1,False,1.0452666471683005,0.5273017542289898
2,86,6,-1.0,-6.0,chase_x,chase_x,True,0,4,False,0.9822366670221324,0.5440525714071646
2,87,7,-1.0,-7.0,chase_x,chase_x,True,4,1,False,1.018874857870414,0.5611940822515655
2,88,8,-1.0,-8.0,chase_x,chase_x,True,2,1,False,1.059314098728467,0.5777985026161582
2,89,9,-1.0,-9.0,chase_x,chase_x,True,2,0,False,1.0693422726959325,0.5668569795349779
2,90,10,-1.0,-10.0,chase_x,chase_x,True,3,0,False,1.0775528802629908,0.5557867290906026
2,91,11,-1.0,-11.0,chase_x,chase_x,True,0,4,False,1.0166441759289513,0.5712303443202806
2,92,12,-1.0,-12.0,chase_x,chase_x,True,2,0,False,1.026062423591307,0.5603127780459869
2,93,13,-1.0,-13.0,chase_x,chase_x,True,4,0,False,1.037160284866701,0.5498296824128714
2,94,14,-1.0,-14.0,chase_x,chase_x,True,2,2,False,1.0699721250151386,0.5037309253962193
2,95,15,-1.0,-15.0,chase_x,chase_x,True,4,3,False,1.0769580484803405,0.5695314462711124
2,96,16,-1.0,-16.0,chase_x,chase_x,True,2,2,False,1.1148743031636115,0.5213125486638007
2,97,17,-1.0,-17.0,chase_x,chase_x,True,2,3,False,1.1223033459322556,0.5895361173333434
2,98,18,-1.0,-18.0,chase_x,chase_x,True,2,4,False,1.0589669741944618,0.6042793493105203
2,99,19,-1.0,-19.0,chase_x,chase_x,True,2,1,False,1.1016152492209765,0.6171399835132755
2,100,20,-1.0,-20.0,chase_y,chase_x,False,0,1,False,1.143686167170789,0.6287282350174344
2,101,21,-1.0,-21.0,chase_y,chase_x,False,2,4,False,1.086385292944984,0.6365754693505135
2,102,22,-1.0,-22.0,chase_y,chase_x,False,2,1,False,1.1295552308959105,0.6507790313296906
2,103,23,-1.0,-23.0,chase_y,chase_x,False,0,3,False,1.1280444187217844,0.7116799951233663
2,104,24,-1.0,-24.0,chase_y,chase_x,False,2,0,False,1.1431684776979125,0.699862255422287
2,105,25,-1.0,-25.0,chase_y,chase_x,False,4,2,False,1.1617820148685614,0.6638372326085004
2,106,26,-1.0,-26.0,chase_y,chase_x,False,1,0,False,1.1804417955221926,0.6507648950254579
2,107,27,-1.0,-27.0,chase_y,chase_x,False,0,1,False,1.2276869540295459,0.66004212735981
2,108,28,-1.0,-28.0,chase_y,chase_x,False,4,2,False,1.243045345398078,0.629528848152886
2,109,29,-1.0,-29.0,chase_y,chase_x,False,2,0,False,1.2644633093951927,0.6148413395052418
2,110,30,-1.0,-30.0,chase_y,chase_x,False,3,0,False,1.2848113938376324,0.6008805773064229
2,111,31,-1.0,-31.0,chase_y,chase_x,False,0,2,False,1.3068744953074318,0.5643152453667373
2,112,32,-1.0,-32.0,chase_y,chase_x,False,2,2,False,1.3319359013652323,0.5290415348416754
2,113,33,-1.0,-33.0,chase_y,chase_x,False,1,4,False,1.2655725716010717,0.5305209231761044
2,114,34,-1.0,-34.0,chase_y,chase_x,False,3,1,False,1.3172291291510514,0.5391772399813587
2,115,35,-1.0,-35.0,chase_y,chase_x,False,0,0,False,1.334820723193069,0.526108295752017
2,116,36,-1.0,-36.0,chase_y,chase_x,False,2,0,False,1.3524123172350868,0.5130393515226755
2,117,37,-1.0,-37.0,chase_y,chase_x,False,0,3,False,1.3615896928477718,0.5755872102623102
2,118,38,-1.0,-38.0,chase_y,chase_x,False,0,1,False,1.4084927491438908,0.5829798089839094
2,119,39,-1.0,-39.0,chase_y,chase_x,False,2,2,False,1.4282128639890477,0.5489424334952594
2,120,40,-1.0,-40.0,chase_y,chase_x,False,0,2,False,1.4478499318140075,0.5153505430631985
3,121,1,-1.0,-1.0,chase_y,chase_x,False,4,1,False,1.4742198008388205,0.524236977083766
3,122,2,-1.0,-2.0,chase_y,chase_x,False,0,4,False,1.4332666328596968,0.5349735756359043
3,123,3,-2.0,-4.0,chase_y,chase_x,False,2,0,False,1.4419537663166004,0.523272004073178
3,124,4,-1.0,-5.0,chase_y,chase_x,False,4,0,False,1.4510987097339494,0.5121380006027073
3,125,5,-1.0,-6.0,chase_y,chase_x,False,2,1,False,1.4879210076304563,0.5207914413115945
3,126,6,-1.0,-7.0,chase_y,chase_x,False,0,1,False,1.5205007528749512,0.529572809861474
3,127,7,-1.0,-8.0,chase_y,chase_x,False,3,1,False,1.5479935507550564,0.5386239544693043
3,128,8,-1.0,-9.0,chase_y,chase_x,False,1,1,False,1.5689040498266675,0.5479200602522184
3,129,9,-1.0,-10.0,chase_y,chase_x,False,2,3,False,1.5783590933256493,0.5926972845042694
3,130,10,-1.0,-11.0,chase_y,chase_x,False,0,1,False,1.5944850468630736,0.6020783503894723
3,131,11,-1.0,-12.0,chase_y,chase_x,False,0,4,False,1.5511773751043672,0.6147097745863263
3,132,12,-1.0,-13.0,chase_y,chase_x,False,2,2,False,1.5686929245723835,0.5713978983834158
3,133,13,-1.0,-14.0,chase_y,chase_x,False,3,1,False,1.5907501591307542,0.5803710750933136
3,134,14,-1.0,-15.0,chase_y,chase_x,False,3,1,False,1.6051479310448622,0.5897415449009066
3,135,15,-1.0,-16.0,chase_y,chase_x,False,4,1,False,1.6158088772290977,0.6006957444180827
3,136,16,-1.0,-17.0,chase_y,chase_x,False,0,0,False,1.6191016144297534,0.595284855889545
3,137,17,-1.0,-18.0,chase_y,chase_x,False,2,0,False,1.6218881814896644,0.5899869330918939
3,138,18,-1.0,-19.0,chase_y,chase_x,False,3,2,False,1.6432209772059305,0.5442440643174333
3,139,19,-1.0,-20.0,chase_y,chase_x,False,0,0,False,1.6466718957860758,0.5421008733347213
3,140,20,-1.0,-21.0,chase_y,chase_x,False,3,0,False,1.6508152184448504,0.5409116331080968
3,141,21,-1.0,-22.0,chase_y,chase_x,False,2,2,False,1.6778775963404045,0.4834706319985256
3,142,22,-1.0,-23.0,chase_y,chase_x,False,1,2,False,1.7065434904282621,0.4248696329177942
3,143,23,-1.0,-24.0,chase_y,chase_x,False,3,4,False,1.671371504887163,0.4508146404299126
3,144,24,-1.0,-25.0,chase_y,chase_x,False,4,2,False,1.7034831947060924,0.3895896369196983
3,145,25,-1.0,-26.0,chase_y,chase_x,False,2,3,False,1.7020966010311227,0.44115596283759095
3,146,26,-1.0,-27.0,chase_y,chase_x,False,2,1,False,1.7138885013088765,0.45653699593036845
3,147,27,-1.0,-28.0,chase_y,chase_x,False,2,2,False,1.7511742642420698,0.3924853501199612
3,148,28,-1.0,-29.0,chase_y,chase_x,False,2,0,False,1.7523423865898038,0.39605925221728255
3,149,29,-1.0,-30.0,chase_y,chase_x,False,2,4,False,1.7121892180637137,0.4258584153940713
3,150,30,-1.0,-31.0,chase_y,chase_x,False,3,4,False,1.6689532384748376,0.45516982212676704
3,151,31,99.0,68.0,chase_y,chase_x,False,2,1,False,1.6763710578220006,0.4745633579775357
4,152,1,-1.0,-1.0,chase_y,chase_x,False,2,1,False,1.7245895767746564,0.4845545403341649
4,153,2,-1.0,-2.0,chase_y,chase_x,False,2,3,False,1.7568965922109108,0.5381053594883188
4,154,3,-1.0,-3.0,chase_y,chase_x,False,2,1,False,1.8006738810799927,0.5455356342660695
4,155,4,-1.0,-4.0,chase_y,chase_x,False,0,2,False,1.8182084742681335,0.5062782845757802
4,156,5,-1.0,-5.0,chase_y,chase_x,False,3,0,False,1.840210829613628,0.49808002178037425
4,157,6,-1.0,-6.0,chase_y,chase_x,False,1,0,False,1.8613967426137679,0.49121587616540874
4,158,7,-1.0,-7.0,chase_y,chase_x,False,3,0,False,1.881918721810325,0.4843683073761089
4,159,8,-1.0,-8.0,chase_y,chase_x,False,2,4,False,1.8148720546404444,0.4915460902981288
4,160,9,-1.0,-9.0,chase_y,chase_x,False,0,2,False,1.8329321522451103,0.4548426233437419
4,161,10,-1.0,-10.0,chase_y,chase_x,False,3,0,False,1.8531447007366033,0.44836730302572403
4,162,11,-1.0,-11.0,chase_y,chase_x,False,0,0,False,1.8716463430445627,0.4418317986155009
4,163,12,-1.0,-12.0,chase_y,chase_x,False,4,3,False,1.8987646570560666,0.49137703855705195
4,164,13,-1.0,-13.0,chase_y,chase_x,False,2,4,False,1.8258000248870312,0.49693182365148914
4,165,14,-1.0,-14.0,chase_y,chase_x,False,2,1,False,1.87177529682527,0.5026840680123774
4,166,15,-1.0,-15.0,chase_y,chase_x,False,3,2,False,1.8983031335795215,0.459882622459031
4,167,16,-1.0,-16.0,chase_y,chase_x,False,2,1,False,1.9414009089599191,0.4686038603385776
4,168,17,-1.0,-17.0,chase_y,chase_x,False,2,2,False,1.9708406889127454,0.41813842133842394
4,169,18,-1.0,-18.0,chase_y,chase_x,False,1,3,False,1.9947667195486598,0.4770861073145283
4,170,19,-1.0,-19.0,chase_y,chase_x,False,2,4,False,1.923107257422198,0.49098762558701536
4,171,20,-1.0,-20.0,chase_y,chase_x,False,0,1,False,1.9668082586081472,0.4993176911778686
4,172,21,-1.0,-21.0,chase_y,chase_x,False,2,2,False,1.9935465229284,0.45396254060897523
4,173,22,-1.0,-22.0,chase_y,chase_x,False,0,0,False,2.012252117860238,0.4497363704782985
4,174,23,-1.0,-23.0,chase_y,chase_x,False,0,0,False,2.031537755944925,0.445399755035648
4,175,24,-2.0,-25.0,chase_y,chase_x,False,4,2,False,2.059887538068338,0.4025010954366507
4,176,25,-2.0,-27.0,chase_y,chase_x,False,2,2,False,2.0908827028917543,0.35723971825476075
4,177,26,-1.0,-28.0,chase_y,chase_x,False,0,1,False,2.1405909666969647,0.3631206704094504
4,178,27,-1.0,-29.0,chase_y,chase_x,False,2,3,False,2.1557293660399264,0.4217576909848587
4,179,28,-2.0,-31.0,chase_y,chase_x,False,1,4,False,2.0819936179303244,0.43025115627829147
4,180,29,-1.0,-32.0,chase_y,chase_x,False,1,4,False,2.012837959045542,0.4354870255122191
4,181,30,-1.0,-33.0,chase_y,chase_x,False,3,3,False,2.02580824671765,0.48903066313392884
4,182,31,-1.0,-34.0,chase_y,chase_x,False,0,3,False,2.0413304600289783,0.5432273754076444
4,183,32,-2.0,-36.0,chase_y,chase_x,False,2,0,False,2.0653277924104883,0.5394589525890868
4,184,33,-1.0,-37.0,chase_y,chase_x,False,4,1,False,2.1159187427560906,0.5428426911029416
4,185,34,-1.0,-38.0,chase_y,chase_x,False,2,4,False,2.043208509122567,0.5460639286296544
4,186,35,-1.0,-39.0,chase_y,chase_x,False,4,3,False,2.060066136146314,0.6017882638410411
4,187,36,-1.0,-40.0,chase_y,chase_x,False,1,4,False,1.9848254167597936,0.604907484549648
4,188,37,-1.0,-41.0,chase_y,chase_x,False,2,2,False,2.0037421911669124,0.5700651610547401
4,189,38,-1.0,-42.0,chase_y,chase_x,False,0,3,False,2.020492110168188,0.6249857759224724
4,190,39,-1.0,-43.0,chase_y,chase_x,False,2,1,False,2.0737655942953004,0.6266096758650224
4,191,40,-1.0,-44.0,chase_y,chase_x,False,2,2,False,2.094254145187488,0.5926066226380555
5,192,1,-1.0,-1.0,chase_y,chase_x,False,1,1,False,2.1412943289752673,0.5991601481963799
5,193,2,-1.0,-2.0,chase_y,chase_x,False,2,0,False,2.1552267523123327,0.587158130509255
5,194,3,-1.0,-3.0,chase_y,chase_x,False,3,1,False,2.1964905661481047,0.5954007005121094
5,195,4,-1.0,-4.0,chase_y,chase_x,False,4,4,False,2.1259214607348658,0.605744383296518
5,196,5,-1.0,-5.0,chase_y,chase_x,False,3,0,False,2.1378076538697446,0.5950531263483958
5,197,6,-1.0,-6.0,chase_y,chase_x,False,0,4,False,2.0633189638522875,0.6077946408664385
5,198,7,-1.0,-7.0,chase_y,chase_x,False,2,1,False,2.10285224363161,0.6197655007270031
5,199,8,-1.0,-8.0,chase_y,chase_x,False,2,4,False,2.0267224116644442,0.6318180648091355
5,200,9,-1.0,-9.0,chase_x,chase_x,True,2,1,False,2.063964254855885,0.6433929551264533
5,201,10,-1.0,-10.0,chase_x,chase_x,True,0,4,False,1.9876686313266436,0.6557880800832107
5,202,11,-1.0,-11.0,chase_x,chase_x,True,1,3,False,2.0261048191808175,0.7182863650388923
5,203,12,-1.0,-12.0,chase_x,chase_x,True,0,4,False,1.9492509357694958,0.7275730408306302
5,204,13,-1.0,-13.0,chase_x,chase_x,True,0,4,False,1.86996433208383,0.7400444633989931
5,205,14,-1.0,-14.0,chase_x,chase_x,True,2,0,False,1.8825493945067895,0.7324384234962917
5,206,15,-1.0,-15.0,chase_x,chase_x,True,2,3,False,1.922414923759153,0.7958088890986932
5,207,16,-1.0,-16.0,chase_x,chase_x,True,2,3,False,1.9643850693948584,0.8570586606246325
5,208,17,-1.0,-17.0,chase_x,chase_x,True,4,1,False,2.0000752950019285,0.8662350592304221
5,209,18,-1.0,-18.0,chase_x,chase_x,True,2,4,False,1.9227678603613545,0.877760910134596
5,210,19,-1.0,-19.0,chase_x,chase_x,True,0,0,False,1.9336437447839248,0.8719278908168618
5,211,20,-1.0,-20.0,chase_x,chase_x,True,0,3,False,1.9752017273502345,0.9324696098018473
5,212,21,-1.0,-21.0,chase_x,chase_x,True,0,1,False,2.0050804387243097,0.9421007643081376
5,213,22,-1.0,-22.0,chase_x,chase_x,True,0,4,False,1.9286239275358503,0.9544991929107522
5,214,23,-1.0,-23.0,chase_x,chase_x,True,2,4,False,1.854962963166638,0.9640804455996588
5,215,24,-1.0,-24.0,chase_x,chase_x,True,0,3,False,1.8883551419656843,1.0208346707572007
5,216,25,-1.0,-25.0,chase_x,chase_x,True,3,4,False,1.819566272182842,1.0282836940590765
5,217,26,-1.0,-26.0,chase_x,chase_x,True,1,0,False,1.8310970730324205,1.0211860221245115
5,218,27,-1.0,-27.0,chase_x,chase_x,True,2,4,False,1.7586316888311728,1.0303924093415755
5,219,28,-1.0,-28.0,chase_x,chase_x,True,0,3,False,1.7989676946271476,1.0922782571684038
5,220,29,-1.0,-29.0,chase_x,chase_x,True,2,0,False,1.8097069590233852,1.0852238738918547
5,221,30,-1.0,-30.0,chase_x,chase_x,True,4,0,False,1.8206942506949286,1.0777308377997548
5,222,31,-1.0,-31.0,chase_x,chase_x,True,3,3,False,1.8636489801202383,1.141136739038928
5,223,32,-1.0,-32.0,chase_x,chase_x,True,2,0,False,1.8720272408291765,1.1322805711771011
5,224,33,-1.0,-33.0,chase_x,chase_x,True,2,0,False,1.880090098943761,1.1235346699343514
5,225,34,-1.0,-34.0,chase_x,chase_x,True,2,0,False,1.8894971537520817,1.1155170237592773
5,226,35,-1.0,-35.0,chase_x,chase_x,True,0,3,False,1.9334568407781392,1.178190001923104
5,227,36,-1.0,-36.0,chase_x,chase_x,True,1,3,False,1.9800954014000314,1.2415450250655495
5,228,37,-1.0,-37.0,chase_x,chase_x,True,0,2,False,2.0154272035042733,1.1956547885962814
5,229,38,-1.0,-38.0,chase_x,chase_x,True,0,4,False,1.9352455187037707,1.2080469289903073
5,230,39,-1.0,-39.0,chase_x,chase_x,True,0,1,False,1.9771176272562059,1.218431314960581
5,231,40,-1.0,-40.0,chase_x,chase_x,True,0,0,False,1.9884632222126892,1.2131394460887122
6,232,1,-1.0,-1.0,chase_x,chase_x,True,2,1,False,2.013688731709961,1.212877210046723
6,233,2,-1.0,-2.0,chase_x,chase_x,True,4,1,False,2.039057972013582,1.212578506420118
6,234,3,-1.0,-3.0,chase_x,chase_x,True,2,0,False,2.038598736986385,1.210204894985277
6,235,4,-1.0,-4.0,chase_x,chase_x,True,2,0,False,2.0375043649575746,1.2091092922544178
6,236,5,-1.0,-5.0,chase_x,chase_x,True,2,4,False,1.9718929908043288,1.2252036976961174
6,237,6,-1.0,-6.0,chase_x,chase_x,True,2,3,False,2.0158077715542784,1.282805312646937
6,238,7,-1.0,-7.0,chase_x,chase_x,True,3,2,False,2.0611627471203695,1.2321672859449735
6,239,8,-1.0,-8.0,chase_x,chase_x,True,2,4,False,1.994962956728207,1.2543447921765463
6,240,9,-1.0,-9.0,chase_x,chase_x,True,2,2,False,2.043006398910845,1.1949679933680977
6,241,10,-1.0,-10.0,chase_x,chase_x,True,3,1,False,2.0637724874904797,1.2033566280181125
6,242,11,-1.0,-11.0,chase_x,chase_x,True,2,4,False,1.995448319630313,1.2271602443387415
6,243,12,-1.0,-12.0,chase_x,chase_x,True,2,2,False,2.0455197931583546,1.1643234443168633
6,244,13,-1.0,-13.0,chase_x,chase_x,True,4,4,False,1.973887629550449,1.192836704167541
6,245,14,-1.0,-14.0,chase_x,chase_x,True,1,0,False,1.976927758123797,1.196259722645766
6,246,15,-1.0,-15.0,chase_x,chase_x,True,2,4,False,1.9027211515134965,1.2247055953333583
6,247,16,-1.0,-16.0,chase_x,chase_x,True,4,4,False,1.8292205434275461,1.253437573189378
6,248,17,-1.0,-17.0,chase_x,chase_x,True,2,3,False,1.8706362768072844,1.3203477954116956
6,249,18,-1.0,-18.0,chase_x,chase_x,True,0,0,False,1.8750731936616813,1.3230511033994237
6,250,19,-1.0,-19.0,chase_x,chase_x,True,2,2,False,1.9252501861834541,1.2555139332020528
6,251,20,-1.0,-20.0,chase_x,chase_x,True,2,1,False,1.954153079290935,1.2707076563133635
6,252,21,-1.0,-21.0,chase_x,chase_x,True,2,4,False,1.8803636028493402,1.2993710050826843
6,253,22,-1.0,-22.0,chase_x,chase_x,True,2,4,False,1.8086003052236306,1.329430643211773
6,254,23,-1.0,-23.0,chase_x,chase_x,True,2,4,False,1.7389310199163965,1.357011964174072
6,255,24,-1.0,-24.0,chase_x,chase_x,True,2,1,False,1.7674198177801896,1.3747984547583674
6,256,25,-1.0,-25.0,chase_x,chase_x,True,2,1,False,1.7973605798754102,1.3920942089177801
6,257,26,-1.0,-26.0,chase_x,chase_x,True,3,2,False,1.8465528389607537,1.328968208027349
6,258,27,-1.0,-27.0,chase_x,chase_x,True,2,4,False,1.7732886872171676,1.3581445098902858
6,259,28,-1.0,-28.0,chase_x,chase_x,True,2,4,False,1.6989103501708775,1.3886571283131834
6,260,29,-1.0,-29.0,chase_x,chase_x,True,2,1,False,1.7240885626253522,1.4102668894518073
6,261,30,-1.0,-30.0,chase_x,chase_x,True,2,0,False,1.7278262059949316,1.4119892845088304
6,262,31,-1.0,-31.0,chase_x,chase_x,True,1,4,False,1.6638491936178876,1.4410558310537165
6,263,32,-1.0,-32.0,chase_x,chase_x,True,0,4,False,1.6013936551595864,1.4707002127611928
6,264,33,-1.0,-33.0,chase_x,chase_x,True,1,3,False,1.6281534321727609,1.5353921157926993
6,265,34,-1.0,-34.0,chase_x,chase_x,True,2,2,False,1.675120000270773,1.466014967964578
6,266,35,-1.0,-35.0,chase_x,chase_x,True,4,1,False,1.6955179767820399,1.48704780425111
6,267,36,-1.0,-36.0,chase_x,chase_x,True,4,4,False,1.6248029060695608,1.5145201141207392
6,268,37,-1.0,-37.0,chase_x,chase_x,True,0,0,False,1.6345147261184756,1.5136141219259969
6,269,38,-1.0,-38.0,chase_x,chase_x,True,0,0,False,1.6432985188146971,1.5131834571624276
6,270,39,-1.0,-39.0,chase_x,chase_x,True,0,2,False,1.6898984548865525,1.444866918436857
6,271,40,-1.0,-40.0,chase_x,chase_x,True,0,0,False,1.6957074009989643,1.444834376563434
7,272,1,-1.0,-1.0,chase_x,chase_x,True,3,4,False,1.6048780413934043,1.4752135139560116
7,273,2,-1.0,-2.0,chase_x,chase_x,True,0,4,False,1.5151650593403974,1.506464833398811
7,274,3,-1.0,-3.0,chase_x,chase_x,True,0,3,False,1.551220061355233,1.5808140076531465
7,275,4,-1.0,-4.0,chase_x,chase_x,True,2,2,False,1.6183305268692756,1.5189686674474439
7,276,5,-1.0,-5.0,chase_x,chase_x,True,2,1,False,1.6592237827504346,1.5315657048858773
7,277,6,-1.0,-6.0,chase_x,chase_x,True,2,4,False,1.5734360469760351,1.5634011693453553
7,278,7,-1.0,-7.0,chase_x,chase_x,True,2,4,False,1.4853916812577896,1.5947822823971083
7,279,8,-1.0,-8.0,chase_x,chase_x,True,0,3,False,1.5169909194495057,1.6725249127848134
7,280,9,-1.0,-9.0,chase_x,chase_x,True,2,0,False,1.526276021008512,1.6622577402489114
7,281,10,-1.0,-10.0,chase_x,chase_x,True,0,4,False,1.4382556969876825,1.6937850496160347
7,282,11,-1.0,-11.0,chase_x,chase_x,True,2,1,False,1.4841498158158435,1.7066299309999406
7,283,12,-1.0,-12.0,chase_x,chase_x,True,2,2,False,1.5508606103865392,1.6474963042255875
7,284,13,-1.0,-13.0,chase_x,chase_x,True,4,2,False,1.6200662168963307,1.5892640287068427
7,285,14,-1.0,-14.0,chase_x,chase_x,True,0,3,False,1.657289216860089,1.6621600124823952
7,286,15,-1.0,-15.0,chase_x,chase_x,True,0,4,False,1.5653066716393897,1.6880932031415257
7,287,16,-1.0,-16.0,chase_x,chase_x,True,0,3,False,1.6033899334153188,1.7594551751881515
7,288,17,-1.0,-17.0,chase_x,chase_x,True,4,4,False,1.5101207425446315,1.7847452098733307
7,289,18,-1.0,-18.0,chase_x,chase_x,True,3,4,False,1.4165460253940063,1.8102024648508817
7,290,19,-1.0,-19.0,chase_x,chase_x,True,2,4,False,1.3231764183389705,1.8339382229240153
7,291,20,-1.0,-20.0,chase_x,chase_x,True,4,0,False,1.341596290005168,1.824937790383765
7,292,21,-1.0,-21.0,chase_x,chase_x,True,2,1,False,1.3914289469319627,1.8359071636491893
7,293,22,-1.0,-22.0,chase_x,chase_x,True,1,2,False,1.4502556431650349,1.7839973713979413
7,294,23,-1.0,-23.0,chase_x,chase_x,True,2,4,False,1.3583168068066236,1.8066221763620045
7,295,24,-1.0,-24.0,chase_x,chase_x,True,2,0,False,1.3786638522849923,1.7947993777936933
7,296,25,-1.0,-25.0,chase_x,chase_x,True,2,0,False,1.3994275706599542,1.782558232211742
7,297,26,-2.0,-27.0,chase_x,chase_x,True,2,2,False,1.461597111830396,1.728017453013134
7,298,27,-2.0,-29.0,chase_x,chase_x,True,2,4,False,1.367836668353081,1.7516467178554578
7,299,28,-1.0,-30.0,chase_x,chase_x,True,0,3,False,1.3983883979044465,1.827477599659776
7,300,29,-1.0,-31.0,chase_y,chase_x,False,2,2,False,1.4696981694628035,1.7706380415948395
7,301,30,-2.0,-33.0,chase_y,chase_x,False,2,4,False,1.3781291521774417,1.7987697695807736
7,302,31,-2.0,-35.0,chase_y,chase_x,False,2,2,False,1.452830947025052,1.7410083821095115
7,303,32,-2.0,-37.0,chase_y,chase_x,False,2,0,False,1.4706892350219054,1.727058733129308
7,304,33,-2.0,-39.0,chase_y,chase_x,False,4,2,False,1.545391029869516,1.669297345658046
7,305,34,-2.0,-41.0,chase_y,chase_x,False,4,2,False,1.61801398442315,1.61210939486337
7,306,35,-1.0,-42.0,chase_y,chase_x,False,2,1,False,1.6738116117260557,1.627500938523239
7,307,36,-2.0,-44.0,chase_y,chase_x,False,0,2,False,1.7440370192885721,1.569454785648255
7,308,37,-2.0,-46.0,chase_y,chase_x,False,2,2,False,1.813636991510245,1.5113163399286638
7,309,38,-1.0,-47.0,chase_y,chase_x,False,2,1,False,1.869296280539666,1.528009940614011
7,310,39,-1.0,-48.0,chase_y,chase_x,False,1,2,False,1.939407456527479,1.467467145968942
7,311,40,-1.0,-49.0,chase_y,chase_x,False,1,2,False,2.0129796857444524,1.4047728130672557
8,312,1,-1.0,-1.0,chase_y,chase_x,False,2,2,False,2.0522220147615187,1.360136738242029
8,313,2,-1.0,-2.0,chase_y,chase_x,False,3,0,False,2.0581234510331314,1.3493744922511723
8,314,3,-1.0,-3.0,chase_y,chase_x,False,3,0,False,2.0647479558424324,1.3402263989336483
8,315,4,-1.0,-4.0,chase_y,chase_x,False,2,4,False,1.9973386317420596,1.3608108517951254
8,316,5,-1.0,-5.0,chase_y,chase_x,False,2,2,False,2.0372330335163564,1.3102338188115992
8,317,6,-1.0,-6.0,chase_y,chase_x,False,2,2,False,2.0836061659011778,1.2573528282869142
8,318,7,-1.0,-7.0,chase_y,chase_x,False,2,2,False,2.1289126153153504,1.2064695399219543
8,319,8,-1.0,-8.0,chase_y,chase_x,False,2,1,False,2.152754063475677,1.213304043105016
8,320,9,-1.0,-9.0,chase_y,chase_x,False,4,1,False,2.179893631446615,1.2199881951455152
8,321,10,-1.0,-10.0,chase_y,chase_x,False,0,3,False,2.204119004098845,1.2764330880446795
8,322,11,-1.0,-11.0,chase_y,chase_x,False,0,2,False,2.2516229894004933,1.2242989623720093
8,323,12,-1.0,-12.0,chase_y,chase_x,False,3,4,False,2.176255867733542,1.247945168781655
8,324,13,-1.0,-13.0,chase_y,chase_x,False,0,1,False,2.2031880390316516,1.2562495851047761
8,325,14,-1.0,-14.0,chase_y,chase_x,False,0,2,False,2.25302275366585,1.2034669867070884
8,326,15,-1.0,-15.0,chase_y,chase_x,False,0,2,False,2.302753773210318,1.150113074714857
8,327,16,-1.0,-16.0,chase_y,chase_x,False,2,2,False,2.356606899925576,1.0958675867461127
8,328,17,-1.0,-17.0,chase_y,chase_x,False,2,1,False,2.389707307622865,1.1022449856134449
8,329,18,-1.0,-18.0,chase_y,chase_x,False,1,3,False,2.428235245081378,1.1654077899855366
8,330,19,-1.0,-19.0,chase_y,chase_x,False,0,3,False,2.468129809980899,1.2278612279236627
8,331,20,-1.0,-20.0,chase_y,chase_x,False,2,1,False,2.503250704352976,1.229818677171076
8,332,21,-1.0,-21.0,chase_y,chase_x,False,2,3,False,2.5434986025439255,1.2884877650079412
8,333,22,-1.0,-22.0,chase_y,chase_x,False,1,2,False,2.598948783937473,1.2370236653364768
8,334,23,-1.0,-23.0,chase_y,chase_x,False,2,1,False,2.6249397915314425,1.239350936475691
8,335,24,-1.0,-24.0,chase_y,chase_x,False,4,4,False,2.5474548681515747,1.2610118288507315
8,336,25,-1.0,-25.0,chase_y,chase_x,False,1,2,False,2.6015470041628004,1.212567959024955
8,337,26,-2.0,-27.0,chase_y,chase_x,False,0,4,False,2.5204200556031457,1.2350209224341944
8,338,27,-1.0,-28.0,chase_y,chase_x,False,2,1,False,2.5571440323549552,1.2395319089139192
8,339,28,-1.0,-29.0,chase_y,chase_x,False,0,4,False,2.4747747498079855,1.2605234034705268
8,340,29,-1.0,-30.0,chase_y,chase_x,False,3,2,False,2.535430094041486,1.2052333106312336
8,341,30,-1.0,-31.0,chase_y,chase_x,False,0,0,False,2.5425901038298298,1.2021963396964555
8,342,31,-1.0,-32.0,chase_y,chase_x,False,2,0,False,2.5517483874371463,1.1992871426017948
8,343,32,-1.0,-33.0,chase_y,chase_x,False,2,0,False,2.560190816703603,1.1970093928976744
8,344,33,-1.0,-34.0,chase_y,chase_x,False,2,0,False,2.5683043314152556,1.1951105000434823
8,345,34,-1.0,-35.0,chase_y,chase_x,False,2,4,False,2.4873677242197147,1.2232778055979863
8,346,35,-1.0,-36.0,chase_y,chase_x,False,1,0,False,2.4972282042200495,1.2207418649104218
8,347,36,-1.0,-37.0,chase_y,chase_x,False,2,3,False,2.522123085117933,1.2906091809897842
8,348,37,-1.0,-38.0,chase_y,chase_x,False,2,4,False,2.447872186955865,1.3182570561222828
8,349,38,-1.0,-39.0,chase_y,chase_x,False,2,2,False,2.5021540810869363,1.2553045471978326
8,350,39,-1.0,-40.0,chase_y,chase_x,False,2,2,False,2.560714211165549,1.1915127661040956
8,351,40,-1.0,-41.0,chase_y,chase_x,False,2,3,False,2.5899470736016967,1.2620135045269483
9,352,1,-1.0,-1.0,chase_y,chase_x,False,2,3,False,2.5865429213438267,1.3194256695483086
9,353,2,-1.0,-2.0,chase_y,chase_x,False,2,2,False,2.6119019437954214,1.2879509895726189
9,354,3,-1.0,-3.0,chase_y,chase_x,False,2,2,False,2.6411581626328977,1.2552725394890745
9,355,4,-1.0,-4.0,chase_y,chase_x,False,2,3,False,2.641432728459109,1.3162539713466568
9,356,5,-1.0,-5.0,chase_y,chase_x,False,3,2,False,2.6756908668058346,1.2808908049601795
9,357,6,-1.0,-6.0,chase_y,chase_x,False,0,3,False,2.6769165899068117,1.3416574925434746
9,358,7,-1.0,-7.0,chase_y,chase_x,False,2,2,False,2.71096417256524,1.3066756376102202
9,359,8,-1.0,-8.0,chase_y,chase_x,False,2,3,False,2.7161166005773776,1.3672404056482825
9,360,9,-1.0,-9.0,chase_y,chase_x,False,4,2,False,2.755599290307057,1.332384955394347
9,361,10,-1.0,-10.0,chase_y,chase_x,False,0,0,False,2.777539818792894,1.3193460658342495
9,362,11,-1.0,-11.0,chase_y,chase_x,False,3,2,False,2.8149743200684307,1.284219720762227
9,363,12,-1.0,-12.0,chase_y,chase_x,False,2,0,False,2.836687188418872,1.273257448549832
9,364,13,-1.0,-13.0,chase_y,chase_x,False,0,0,False,2.857832885163349,1.26103896581086
9,365,14,-1.0,-14.0,chase_y,chase_x,False,2,1,False,2.9119258543793913,1.2648660321514857
9,366,15,-1.0,-15.0,chase_y,chase_x,False,2,1,False,2.9627082182502145,1.268966555999648
9,367,16,-1.0,-16.0,chase_y,chase_x,False,1,1,False,3.0119466906885495,1.271861224530169
9,368,17,-1.0,-17.0,chase_y,chase_x,False,4,4,False,2.9447332520021954,1.2793410426225045
9,369,18,-1.0,-18.0,chase_y,chase_x,False,3,3,False,2.9489388748800263,1.339579793160624
9,370,19,-1.0,-19.0,chase_y,chase_x,False,2,1,False,2.999344243293801,1.342669311998159
9,371,20,-1.0,-20.0,chase_y,chase_x,False,0,2,False,3.0295919359026433,1.3134225487941462
9,372,21,-1.0,-21.0,chase_y,chase_x,False,2,2,False,3.0599197120941994,1.2836318229182164
9,373,22,-1.0,-22.0,chase_y,chase_x,False,2,4,False,2.9913900921114003,1.289776563594836
9,374,23,-1.0,-23.0,chase_y,chase_x,False,2,2,False,3.0306090207052168,1.2524827122917646
9,375,24,-1.0,-24.0,chase_y,chase_x,False,2,2,False,3.071949921079888,1.2113537373698684
9,376,25,-1.0,-25.0,chase_y,chase_x,False,2,1,False,3.126734098860665,1.217888233823878
9,377,26,-1.0,-26.0,chase_y,chase_x,False,2,1,False,3.1809155645426324,1.2258976917159792
9,378,27,-1.0,-27.0,chase_y,chase_x,False,1,4,False,3.112895809715557,1.238657260741167
9,379,28,-1.0,-28.0,chase_y,chase_x,False,0,4,False,3.0447238186552164,1.2512048083372824
9,380,29,-1.0,-29.0,chase_y,chase_x,False,2,0,False,3.065002090700039,1.2361888160597236
9,381,30,-1.0,-30.0,chase_y,chase_x,False,2,0,False,3.0862656214410578,1.2226337287257754
9,382,31,-1.0,-31.0,chase_y,chase_x,False,2,0,False,3.1075291521820763,1.209078641391827
9,383,32,-1.0,-32.0,chase_y,chase_x,False,0,4,False,3.033213467520775,1.221824806568046
9,384,33,-1.0,-33.0,chase_y,chase_x,False,4,1,False,3.090182879336716,1.2349799274530142
9,385,34,-1.0,-34.0,chase_y,chase_x,False,2,3,False,3.0985890936659906,1.304230847880206
9,386,35,-1.0,-35.0,chase_y,chase_x,False,2,2,False,3.1403620738632823,1.2562217909049118
9,387,36,-1.0,-36.0,chase_y,chase_x,False,0,0,False,3.163457967427374,1.2438718252775263
9,388,37,-1.0,-37.0,chase_y,chase_x,False,0,0,False,3.1864559586643253,1.231292556629091
9,389,38,-1.0,-38.0,chase_y,chase_x,False,0,2,False,3.235880801650697,1.180094962944438
9,390,39,-1.0,-39.0,chase_y,chase_x,False,0,4,False,3.154152957961,1.197718233473016
9,391,40,-2.0,-41.0,chase_y,chase_x,False,2,2,False,3.2056480422115077,1.144919098712329
